<?xml version = '1.0' encoding = 'UTF-8'?>
<Table class="oracle.dbtools.crest.model.design.relational.Table" directorySegmentName="seg_0" id="0E82624B-44D3-73A1-BD32-4BFFB4A6F387" name="T_PIP_PEDIDO_PRODUTO">
<createdBy>mauro</createdBy>
<createdTime>2021-08-23 12:17:05 UTC</createdTime>
<generatorID>F0590DF7-6647-DBF6-EDAF-E2B82D77ED3E</generatorID>
<ownerDesignName>ATIVIDADE_FASE1_CAP_6_RM92268</ownerDesignName>
<allowColumnReorder>false</allowColumnReorder>
<existDependencyGenerateInDDl>true</existDependencyGenerateInDDl>
<parsed>true</parsed>
<columns itemClass="oracle.dbtools.crest.model.design.relational.Column">
<Column name="PEDIDOPRODUTO_FK_cd_produto" id="19F5B742-C822-EBD2-9E9E-6419035B5E2E">
<createdBy>mauro</createdBy>
<createdTime>2021-08-23 12:17:06 UTC</createdTime>
<generatorID>A3D71290-B909-8C31-E5B6-D47AA2937983</generatorID>
<ownerDesignName>ATIVIDADE_FASE1_CAP_6_RM92268</ownerDesignName>
<useDomainConstraints>false</useDomainConstraints>
<use>1</use>
<logicalDatatype>LOGDT019</logicalDatatype>
<dataTypePrecision>10</dataTypePrecision>
<ownDataTypeParameters>,,</ownDataTypeParameters>
<previousColumn>false</previousColumn>
<autoIncrementCycle>false</autoIncrementCycle>
<associations>
<colAssociation fkAssociation="89E7049F-B595-6045-B964-A557C40588B1" referredColumn="0EF639A3-8240-3C49-1448-B5B526C7724E"/>
</associations>
</Column>
<Column name="PEDIDOPRODUTO_FK_cd_pedido" id="EFA0CF8B-F47B-178A-A377-17D394092AC4">
<createdBy>mauro</createdBy>
<createdTime>2021-08-25 00:24:49 UTC</createdTime>
<generatorID>0FBF4A5B-6B7B-BD18-7CED-25C7E1E61382</generatorID>
<ownerDesignName>ATIVIDADE_FASE1_CAP_6_RM92268</ownerDesignName>
<useDomainConstraints>false</useDomainConstraints>
<use>1</use>
<logicalDatatype>LOGDT019</logicalDatatype>
<dataTypePrecision>20</dataTypePrecision>
<ownDataTypeParameters>,,</ownDataTypeParameters>
<previousColumn>false</previousColumn>
<autoIncrementCycle>false</autoIncrementCycle>
<associations>
<colAssociation fkAssociation="DC28F6EC-4C76-5FA0-E783-97F5EDAC4F94" referredColumn="AC1B9EDC-5F4A-7764-102E-2B73F4BAC443"/>
</associations>
</Column>
<Column name="qt_vendida" id="03FB2A28-9273-38FF-F8E4-49070BF89D0D">
<createdBy>mauro</createdBy>
<createdTime>2021-08-23 12:17:06 UTC</createdTime>
<generatorID>3C6180E6-A284-FD21-F175-C7BB1EDE8F71</generatorID>
<ownerDesignName>ATIVIDADE_FASE1_CAP_6_RM92268</ownerDesignName>
<useDomainConstraints>false</useDomainConstraints>
<use>1</use>
<logicalDatatype>LOGDT019</logicalDatatype>
<dataTypePrecision>20</dataTypePrecision>
<ownDataTypeParameters>,20,</ownDataTypeParameters>
<autoIncrementCycle>false</autoIncrementCycle>
</Column>
<Column name="vr_vend_unitario" id="B7BCED98-1A03-F30A-96BE-7EF91810B797">
<createdBy>mauro</createdBy>
<createdTime>2021-08-23 12:17:06 UTC</createdTime>
<generatorID>27ED7286-756D-0731-BE68-E54960A516B3</generatorID>
<ownerDesignName>ATIVIDADE_FASE1_CAP_6_RM92268</ownerDesignName>
<useDomainConstraints>false</useDomainConstraints>
<use>1</use>
<logicalDatatype>LOGDT019</logicalDatatype>
<dataTypePrecision>20</dataTypePrecision>
<ownDataTypeParameters>,20,</ownDataTypeParameters>
<autoIncrementCycle>false</autoIncrementCycle>
</Column>
</columns>
<indexes itemClass="oracle.dbtools.crest.model.design.relational.Index">
<ind_PK_UK id="3E352A7D-A2AE-0DDE-4632-06600E73779A" name="T_PRODUTO_NF_PK">
<createdBy>mauro</createdBy>
<createdTime>2021-08-23 12:17:06 UTC</createdTime>
<generatorID>AAAC6A15-C3CA-5191-3422-F391B3EF1BD1</generatorID>
<ownerDesignName>ATIVIDADE_FASE1_CAP_6_RM92268</ownerDesignName>
<pk>true</pk>
<indexState>Primary Constraint</indexState>
<isSurrogateKey>false</isSurrogateKey>
<indexColumnUsage>
<colUsage columnID="19F5B742-C822-EBD2-9E9E-6419035B5E2E"/>
<colUsage columnID="EFA0CF8B-F47B-178A-A377-17D394092AC4"/>
</indexColumnUsage>
</ind_PK_UK>
<ind_PK_UK id="6A0F563D-08A6-34EF-9D15-E0E394D64BC0" name="PED_PRODUTO_PRODUTO_FK">
<createdBy>mauro</createdBy>
<createdTime>2021-08-23 12:17:06 UTC</createdTime>
<generatorID>D23403BE-47AE-C004-1452-884D0F37D6B5</generatorID>
<ownerDesignName>ATIVIDADE_FASE1_CAP_6_RM92268</ownerDesignName>
<indexState>Foreign Key</indexState>
<isSurrogateKey>false</isSurrogateKey>
<indexColumnUsage>
<colUsage columnID="19F5B742-C822-EBD2-9E9E-6419035B5E2E"/>
</indexColumnUsage>
</ind_PK_UK>
<ind_PK_UK id="6326F46D-1B09-5944-DB93-9128FEF0C0F2" name="PED_PRODUTO_PEDIDO_FK">
<createdBy>mauro</createdBy>
<createdTime>2021-08-25 00:24:49 UTC</createdTime>
<generatorID>7AD83696-7B3C-57A2-889C-6B94AF7E666D</generatorID>
<ownerDesignName>ATIVIDADE_FASE1_CAP_6_RM92268</ownerDesignName>
<indexState>Foreign Key</indexState>
<isSurrogateKey>false</isSurrogateKey>
<indexColumnUsage>
<colUsage columnID="EFA0CF8B-F47B-178A-A377-17D394092AC4"/>
</indexColumnUsage>
</ind_PK_UK>
</indexes>
</Table>