<?xml version = '1.0' encoding = 'UTF-8'?>
<Table class="oracle.dbtools.crest.model.design.relational.Table" directorySegmentName="seg_0" id="254013FE-4CCA-5A79-693C-ACABBA9297F4" name="T_PIP_CATEGORIA_PRODUTO">
<createdBy>mauro</createdBy>
<createdTime>2021-08-24 01:21:59 UTC</createdTime>
<generatorID>78142ECF-BA73-F35C-FBDF-9D116231F7C7</generatorID>
<ownerDesignName>ATIVIDADE_FASE1_CAP_6_RM92268</ownerDesignName>
<allowColumnReorder>false</allowColumnReorder>
<existDependencyGenerateInDDl>true</existDependencyGenerateInDDl>
<parsed>true</parsed>
<columns itemClass="oracle.dbtools.crest.model.design.relational.Column">
<Column name="cd_categoria_prod" id="0DF81888-3161-BA5E-ACE2-B04359ECBD96">
<createdBy>mauro</createdBy>
<createdTime>2021-08-24 01:21:59 UTC</createdTime>
<generatorID>4FAE793A-FB11-6545-FD05-1743D83AC127</generatorID>
<ownerDesignName>ATIVIDADE_FASE1_CAP_6_RM92268</ownerDesignName>
<useDomainConstraints>false</useDomainConstraints>
<use>1</use>
<logicalDatatype>LOGDT019</logicalDatatype>
<ownDataTypeParameters>,,</ownDataTypeParameters>
<autoIncrementCycle>false</autoIncrementCycle>
</Column>
<Column name="ds_categoria_prod" id="7D3B15A5-A012-5909-FCE4-00B6DD6A57A0">
<createdBy>mauro</createdBy>
<createdTime>2021-08-24 01:21:59 UTC</createdTime>
<generatorID>C19A18D5-CCF9-8A00-AECB-81D3E837BC2C</generatorID>
<ownerDesignName>ATIVIDADE_FASE1_CAP_6_RM92268</ownerDesignName>
<useDomainConstraints>false</useDomainConstraints>
<use>1</use>
<logicalDatatype>LOGDT024</logicalDatatype>
<dataTypeSize>30</dataTypeSize>
<ownDataTypeParameters>30,,</ownDataTypeParameters>
<autoIncrementCycle>false</autoIncrementCycle>
</Column>
</columns>
<indexes itemClass="oracle.dbtools.crest.model.design.relational.Index">
<ind_PK_UK id="202A4CEC-8AFD-70AD-D539-0769CD368788" name="T_PIP_CATEGORIA_PRODUTO_PK">
<createdBy>mauro</createdBy>
<createdTime>2021-08-24 01:21:59 UTC</createdTime>
<generatorID>005269B8-F78F-ECB7-283E-1E35921A3CB8</generatorID>
<ownerDesignName>ATIVIDADE_FASE1_CAP_6_RM92268</ownerDesignName>
<pk>true</pk>
<indexState>Primary Constraint</indexState>
<isSurrogateKey>false</isSurrogateKey>
<indexColumnUsage>
<colUsage columnID="0DF81888-3161-BA5E-ACE2-B04359ECBD96"/>
</indexColumnUsage>
</ind_PK_UK>
</indexes>
</Table>