<?xml version = '1.0' encoding = 'UTF-8'?>
<Table class="oracle.dbtools.crest.model.design.relational.Table" directorySegmentName="seg_0" id="33CC0E50-48B2-2242-54F0-3495308DDDFB" name="T_PIP_ESTOQUE">
<createdBy>mauro</createdBy>
<createdTime>2021-08-23 12:17:05 UTC</createdTime>
<generatorID>92B2C759-6E0D-278B-A50D-A8E447BA5929</generatorID>
<ownerDesignName>ATIVIDADE_FASE1_CAP_6_RM92268</ownerDesignName>
<allowColumnReorder>false</allowColumnReorder>
<existDependencyGenerateInDDl>true</existDependencyGenerateInDDl>
<parsed>true</parsed>
<columns itemClass="oracle.dbtools.crest.model.design.relational.Column">
<Column name="cd_estoque" id="EA99A05F-A2BA-650B-DA68-9D80877DBA41">
<createdBy>mauro</createdBy>
<createdTime>2021-08-23 12:17:05 UTC</createdTime>
<generatorID>9DA212B1-8863-F55A-0B6C-AEFF79E8F24C</generatorID>
<ownerDesignName>ATIVIDADE_FASE1_CAP_6_RM92268</ownerDesignName>
<useDomainConstraints>false</useDomainConstraints>
<use>1</use>
<logicalDatatype>LOGDT019</logicalDatatype>
<dataTypePrecision>10</dataTypePrecision>
<ownDataTypeParameters>,10,</ownDataTypeParameters>
<autoIncrementCycle>false</autoIncrementCycle>
</Column>
<Column name="ESTOQUE_FK_cd_produto" id="BFF7E8AE-31E8-0E6D-FF8A-A770CF3A55F3">
<createdBy>mauro</createdBy>
<createdTime>2021-08-23 12:17:05 UTC</createdTime>
<generatorID>46A782D9-9FCF-E6D9-A557-BAAEFC84650F</generatorID>
<ownerDesignName>ATIVIDADE_FASE1_CAP_6_RM92268</ownerDesignName>
<nullsAllowed>true</nullsAllowed>
<useDomainConstraints>false</useDomainConstraints>
<use>1</use>
<logicalDatatype>LOGDT019</logicalDatatype>
<dataTypePrecision>10</dataTypePrecision>
<ownDataTypeParameters>,,</ownDataTypeParameters>
<previousColumn>false</previousColumn>
<autoIncrementCycle>false</autoIncrementCycle>
<associations>
<colAssociation fkAssociation="2E773D3B-BC43-53B7-E478-E13BCA92F8C9" referredColumn="0EF639A3-8240-3C49-1448-B5B526C7724E"/>
</associations>
</Column>
<Column name="ESTOQUE_FK_cd_loja" id="118B21A9-357D-E9B5-7C9E-3905E95BD291">
<createdBy>mauro</createdBy>
<createdTime>2021-08-23 14:31:02 UTC</createdTime>
<generatorID>AF74900F-C442-AE6F-69D1-21D81457247E</generatorID>
<ownerDesignName>ATIVIDADE_FASE1_CAP_6_RM92268</ownerDesignName>
<useDomainConstraints>false</useDomainConstraints>
<use>1</use>
<logicalDatatype>LOGDT019</logicalDatatype>
<dataTypePrecision>10</dataTypePrecision>
<ownDataTypeParameters>,10,</ownDataTypeParameters>
<previousColumn>false</previousColumn>
<autoIncrementCycle>false</autoIncrementCycle>
</Column>
<Column name="ESTOQUE_LOJA_cd_loja" id="B9B62632-3C90-7A8B-6850-2D0DDF6946DA">
<createdBy>mauro</createdBy>
<createdTime>2021-08-23 12:17:05 UTC</createdTime>
<generatorID>DB939E2F-C494-B2C4-4599-C02C7F4E0FD8</generatorID>
<ownerDesignName>ATIVIDADE_FASE1_CAP_6_RM92268</ownerDesignName>
<useDomainConstraints>false</useDomainConstraints>
<use>1</use>
<logicalDatatype>LOGDT019</logicalDatatype>
<dataTypePrecision>2</dataTypePrecision>
<ownDataTypeParameters>,2,</ownDataTypeParameters>
<previousColumn>false</previousColumn>
<autoIncrementCycle>false</autoIncrementCycle>
</Column>
<Column name="qt_produto" id="78B05E11-972E-B70C-3764-401A2479C215">
<createdBy>mauro</createdBy>
<createdTime>2021-08-23 13:38:02 UTC</createdTime>
<generatorID>8BF2FA66-82F8-90CD-5A8A-BCDB6825F629</generatorID>
<ownerDesignName>ATIVIDADE_FASE1_CAP_6_RM92268</ownerDesignName>
<useDomainConstraints>false</useDomainConstraints>
<use>1</use>
<logicalDatatype>LOGDT019</logicalDatatype>
<dataTypePrecision>20</dataTypePrecision>
<ownDataTypeParameters>,20,</ownDataTypeParameters>
<autoIncrementCycle>false</autoIncrementCycle>
</Column>
</columns>
<indexes itemClass="oracle.dbtools.crest.model.design.relational.Index">
<ind_PK_UK id="60ADE398-3B58-2AA8-AFDE-0DCD9E368133" name="T_ESTOQUE_PK">
<createdBy>mauro</createdBy>
<createdTime>2021-08-23 12:17:05 UTC</createdTime>
<generatorID>6B43C13D-D53E-E3AF-5B22-73324A55AE67</generatorID>
<ownerDesignName>ATIVIDADE_FASE1_CAP_6_RM92268</ownerDesignName>
<pk>true</pk>
<indexState>Primary Constraint</indexState>
<isSurrogateKey>false</isSurrogateKey>
<indexColumnUsage>
<colUsage columnID="EA99A05F-A2BA-650B-DA68-9D80877DBA41"/>
</indexColumnUsage>
</ind_PK_UK>
<ind_PK_UK id="21680B80-2DCB-4BAE-9CFC-4D85EBAA31E4" name="T_ESTOQUE__IDX">
<createdBy>mauro</createdBy>
<createdTime>2021-08-23 12:17:06 UTC</createdTime>
<ownerDesignName>ATIVIDADE_FASE1_CAP_6_RM92268</ownerDesignName>
<indexState>Unique Plain Index</indexState>
<isSurrogateKey>false</isSurrogateKey>
<relationGeneratorID>357C8034-29F3-1A75-7C9E-6A622F9A3788</relationGeneratorID>
<indexColumnUsage>
<colUsage columnID="B9B62632-3C90-7A8B-6850-2D0DDF6946DA"/>
</indexColumnUsage>
</ind_PK_UK>
<ind_PK_UK id="C563F37A-4FA2-7A27-0C50-CE5971C713EB" name="T_PIP_ESTOQUE__IDX">
<createdBy>mauro</createdBy>
<createdTime>2021-08-23 14:31:59 UTC</createdTime>
<ownerDesignName>ATIVIDADE_FASE1_CAP_6_RM92268</ownerDesignName>
<indexState>Unique Plain Index</indexState>
<isSurrogateKey>false</isSurrogateKey>
<relationGeneratorID>357C8034-29F3-1A75-7C9E-6A622F9A3788</relationGeneratorID>
<indexColumnUsage>
<colUsage columnID="118B21A9-357D-E9B5-7C9E-3905E95BD291"/>
</indexColumnUsage>
</ind_PK_UK>
<ind_PK_UK id="998C5FD2-563D-9F3E-8432-428415087490" name="T_PIP_ESTOQUE_T_PIP_PRODUTO_FK">
<createdBy>mauro</createdBy>
<createdTime>2021-08-23 12:17:06 UTC</createdTime>
<generatorID>3E0D3C1A-D3E8-B98D-5802-C6C89AB635BB</generatorID>
<ownerDesignName>ATIVIDADE_FASE1_CAP_6_RM92268</ownerDesignName>
<indexState>Foreign Key</indexState>
<isSurrogateKey>false</isSurrogateKey>
<indexColumnUsage>
<colUsage columnID="BFF7E8AE-31E8-0E6D-FF8A-A770CF3A55F3"/>
</indexColumnUsage>
</ind_PK_UK>
</indexes>
</Table>