<?xml version = '1.0' encoding = 'UTF-8'?>
<Table class="oracle.dbtools.crest.model.design.relational.Table" directorySegmentName="seg_0" id="7E678B9B-363F-A967-090B-9BEAC40E554A" name="T_PIP_PRODUTO">
<createdBy>mauro</createdBy>
<createdTime>2021-08-23 12:17:05 UTC</createdTime>
<generatorID>548DD084-B679-643E-6B2D-55EC2EBC170A</generatorID>
<ownerDesignName>ATIVIDADE_FASE1_CAP_6_RM92268</ownerDesignName>
<allowColumnReorder>false</allowColumnReorder>
<existDependencyGenerateInDDl>true</existDependencyGenerateInDDl>
<parsed>true</parsed>
<columns itemClass="oracle.dbtools.crest.model.design.relational.Column">
<Column name="cd_produto" id="0EF639A3-8240-3C49-1448-B5B526C7724E">
<createdBy>mauro</createdBy>
<createdTime>2021-08-23 12:17:05 UTC</createdTime>
<generatorID>E64DDA26-9F4C-5C45-5115-19EA50FE9B28</generatorID>
<ownerDesignName>ATIVIDADE_FASE1_CAP_6_RM92268</ownerDesignName>
<useDomainConstraints>false</useDomainConstraints>
<use>1</use>
<logicalDatatype>LOGDT019</logicalDatatype>
<dataTypePrecision>10</dataTypePrecision>
<ownDataTypeParameters>,10,</ownDataTypeParameters>
<autoIncrementCycle>false</autoIncrementCycle>
</Column>
<Column name="PRODUTO_FK_cd_marca" id="C5B752DE-9AAA-26DD-F325-EA8C7879CCA4">
<createdBy>mauro</createdBy>
<createdTime>2021-08-23 12:17:05 UTC</createdTime>
<generatorID>02959A48-64B7-DE9B-BB38-904B60ECD70F</generatorID>
<ownerDesignName>ATIVIDADE_FASE1_CAP_6_RM92268</ownerDesignName>
<useDomainConstraints>false</useDomainConstraints>
<use>1</use>
<logicalDatatype>LOGDT019</logicalDatatype>
<dataTypePrecision>10</dataTypePrecision>
<ownDataTypeParameters>,,</ownDataTypeParameters>
<previousColumn>false</previousColumn>
<autoIncrementCycle>false</autoIncrementCycle>
<associations>
<colAssociation fkAssociation="C421E176-521D-42E5-4C7C-0B3688CFBC41" referredColumn="59038261-75F8-702F-F74B-AB9F30C6194B"/>
</associations>
</Column>
<Column name="PRODUTO_FK_cd_categoria_prod" id="FB4C22C7-68F3-957F-5E05-99E47A728966">
<createdBy>mauro</createdBy>
<createdTime>2021-08-24 01:21:59 UTC</createdTime>
<generatorID>2FFC8134-10F9-8160-3602-CAEF1C7E10C5</generatorID>
<ownerDesignName>ATIVIDADE_FASE1_CAP_6_RM92268</ownerDesignName>
<useDomainConstraints>false</useDomainConstraints>
<use>1</use>
<logicalDatatype>LOGDT019</logicalDatatype>
<ownDataTypeParameters>,,</ownDataTypeParameters>
<previousColumn>false</previousColumn>
<autoIncrementCycle>false</autoIncrementCycle>
<associations>
<colAssociation fkAssociation="743FB39C-F40F-BED4-5EF9-57638076DE08" referredColumn="0DF81888-3161-BA5E-ACE2-B04359ECBD96"/>
</associations>
</Column>
<Column name="PRODUTO_FK_cd_pedido" id="3A5F4D30-19E6-0BB0-7BF5-E5EC172FA401">
<createdBy>mauro</createdBy>
<createdTime>2021-08-23 12:17:05 UTC</createdTime>
<generatorID>7C4173CF-B158-CBC5-486B-AAF237E292F1</generatorID>
<ownerDesignName>ATIVIDADE_FASE1_CAP_6_RM92268</ownerDesignName>
<nullsAllowed>true</nullsAllowed>
<useDomainConstraints>false</useDomainConstraints>
<use>1</use>
<logicalDatatype>LOGDT019</logicalDatatype>
<dataTypePrecision>20</dataTypePrecision>
<ownDataTypeParameters>,,</ownDataTypeParameters>
<previousColumn>false</previousColumn>
<autoIncrementCycle>false</autoIncrementCycle>
<associations>
<colAssociation fkAssociation="DCF4E9CE-5406-CD41-D2BF-347539667C47" referredColumn="AC1B9EDC-5F4A-7764-102E-2B73F4BAC443"/>
</associations>
</Column>
<Column name="PRODUTO_FK_cd_unid_medida" id="672C08BB-11D5-DA4E-A80F-4AEAEB54E5EE">
<createdBy>mauro</createdBy>
<createdTime>2021-08-24 01:21:59 UTC</createdTime>
<generatorID>07770337-99B1-4310-B65F-52FED3EEC4CA</generatorID>
<ownerDesignName>ATIVIDADE_FASE1_CAP_6_RM92268</ownerDesignName>
<useDomainConstraints>false</useDomainConstraints>
<use>1</use>
<logicalDatatype>LOGDT019</logicalDatatype>
<dataTypePrecision>4</dataTypePrecision>
<ownDataTypeParameters>,,</ownDataTypeParameters>
<previousColumn>false</previousColumn>
<autoIncrementCycle>false</autoIncrementCycle>
<associations>
<colAssociation fkAssociation="0435C498-E31A-DA4B-28C3-D68C4FA97048" referredColumn="1A670711-38DC-B999-2DEE-4943DD094FFD"/>
</associations>
</Column>
<Column name="PRODUTO_FK_cd_cor" id="DE83D4AD-A483-1393-D48F-D9C50C8CC0FB">
<createdBy>mauro</createdBy>
<createdTime>2021-08-24 23:54:44 UTC</createdTime>
<generatorID>0963366E-D15C-D421-F6AE-F4C1D56A098C</generatorID>
<ownerDesignName>ATIVIDADE_FASE1_CAP_6_RM92268</ownerDesignName>
<useDomainConstraints>false</useDomainConstraints>
<use>1</use>
<logicalDatatype>LOGDT019</logicalDatatype>
<ownDataTypeParameters>,,</ownDataTypeParameters>
<previousColumn>false</previousColumn>
<autoIncrementCycle>false</autoIncrementCycle>
<associations>
<colAssociation fkAssociation="D1903A35-DE76-25D3-EE22-64FCC6B95BDD" referredColumn="8AF2E0FC-7D10-12B8-F7F9-7D4FAA69116E"/>
</associations>
</Column>
<Column name="ds_nome" id="7A6C5410-93CF-A193-C74A-2742DB9DD0EC">
<createdBy>mauro</createdBy>
<createdTime>2021-08-23 12:17:05 UTC</createdTime>
<generatorID>51817377-F7A8-E340-4ED9-B4C19440C310</generatorID>
<ownerDesignName>ATIVIDADE_FASE1_CAP_6_RM92268</ownerDesignName>
<useDomainConstraints>false</useDomainConstraints>
<use>1</use>
<logicalDatatype>LOGDT024</logicalDatatype>
<dataTypeSize>30</dataTypeSize>
<ownDataTypeParameters>30,,</ownDataTypeParameters>
<autoIncrementCycle>false</autoIncrementCycle>
</Column>
<Column name="ds_descricao" id="083415D2-32CC-3B50-C7A4-52EEC8F787A9">
<createdBy>mauro</createdBy>
<createdTime>2021-08-23 13:38:02 UTC</createdTime>
<generatorID>78AB4D8E-9A00-76A6-E071-494167B8B9E3</generatorID>
<ownerDesignName>ATIVIDADE_FASE1_CAP_6_RM92268</ownerDesignName>
<useDomainConstraints>false</useDomainConstraints>
<use>1</use>
<logicalDatatype>LOGDT024</logicalDatatype>
<dataTypeSize>30</dataTypeSize>
<ownDataTypeParameters>30,,</ownDataTypeParameters>
<autoIncrementCycle>false</autoIncrementCycle>
</Column>
<Column name="vr_unitario" id="7E9F07EE-DB0E-6EB5-C2F6-292332D667C1">
<createdBy>mauro</createdBy>
<createdTime>2021-08-24 01:21:59 UTC</createdTime>
<generatorID>59385FAC-4F32-499E-BFFB-9399BB39B78C</generatorID>
<ownerDesignName>ATIVIDADE_FASE1_CAP_6_RM92268</ownerDesignName>
<useDomainConstraints>false</useDomainConstraints>
<use>1</use>
<logicalDatatype>LOGDT019</logicalDatatype>
<dataTypePrecision>10</dataTypePrecision>
<ownDataTypeParameters>,10,</ownDataTypeParameters>
<autoIncrementCycle>false</autoIncrementCycle>
</Column>
</columns>
<indexes itemClass="oracle.dbtools.crest.model.design.relational.Index">
<ind_PK_UK id="B96D6868-3597-2CBD-5FDD-D9178CDC580C" name="T_PRODUTO_PK">
<createdBy>mauro</createdBy>
<createdTime>2021-08-23 12:17:05 UTC</createdTime>
<generatorID>211E4D7C-DD54-5047-5FF9-562CA707D056</generatorID>
<ownerDesignName>ATIVIDADE_FASE1_CAP_6_RM92268</ownerDesignName>
<pk>true</pk>
<indexState>Primary Constraint</indexState>
<isSurrogateKey>false</isSurrogateKey>
<indexColumnUsage>
<colUsage columnID="0EF639A3-8240-3C49-1448-B5B526C7724E"/>
</indexColumnUsage>
</ind_PK_UK>
<ind_PK_UK id="D24C4C04-1593-2ADA-5C20-0841D6D5A898" name="PRODUTO_T_PEDIDO_FK">
<createdBy>mauro</createdBy>
<createdTime>2021-08-23 12:17:06 UTC</createdTime>
<generatorID>3A059FC9-A965-8762-385D-8773092A82EC</generatorID>
<ownerDesignName>ATIVIDADE_FASE1_CAP_6_RM92268</ownerDesignName>
<indexState>Foreign Key</indexState>
<isSurrogateKey>false</isSurrogateKey>
<indexColumnUsage>
<colUsage columnID="3A5F4D30-19E6-0BB0-7BF5-E5EC172FA401"/>
</indexColumnUsage>
</ind_PK_UK>
<ind_PK_UK id="C2622881-F381-0DF4-69B4-49E803B5A8E2" name="PROD_MARCA_FK">
<createdBy>mauro</createdBy>
<createdTime>2021-08-23 12:17:06 UTC</createdTime>
<generatorID>EB4F6D9E-7E0B-2435-CF70-7F715FE786DA</generatorID>
<ownerDesignName>ATIVIDADE_FASE1_CAP_6_RM92268</ownerDesignName>
<indexState>Foreign Key</indexState>
<isSurrogateKey>false</isSurrogateKey>
<indexColumnUsage>
<colUsage columnID="C5B752DE-9AAA-26DD-F325-EA8C7879CCA4"/>
</indexColumnUsage>
</ind_PK_UK>
<ind_PK_UK id="19D18364-7B2A-6D0F-8BC3-2A808288A4A1" name="PROD_CATEGORIA_PRODUTO_FK">
<createdBy>mauro</createdBy>
<createdTime>2021-08-24 01:21:59 UTC</createdTime>
<generatorID>BE7375E7-FECA-08FB-1B57-A1629F1FDDEB</generatorID>
<ownerDesignName>ATIVIDADE_FASE1_CAP_6_RM92268</ownerDesignName>
<indexState>Foreign Key</indexState>
<isSurrogateKey>false</isSurrogateKey>
<indexColumnUsage>
<colUsage columnID="FB4C22C7-68F3-957F-5E05-99E47A728966"/>
</indexColumnUsage>
</ind_PK_UK>
<ind_PK_UK id="5139B00B-DDE4-C712-FDBC-A9732157A951" name="PROD_UNIDADE_MEDIDA_FK">
<createdBy>mauro</createdBy>
<createdTime>2021-08-24 01:21:59 UTC</createdTime>
<generatorID>7209FED3-195F-6232-F5CE-0976E63C07BB</generatorID>
<ownerDesignName>ATIVIDADE_FASE1_CAP_6_RM92268</ownerDesignName>
<indexState>Foreign Key</indexState>
<isSurrogateKey>false</isSurrogateKey>
<indexColumnUsage>
<colUsage columnID="672C08BB-11D5-DA4E-A80F-4AEAEB54E5EE"/>
</indexColumnUsage>
</ind_PK_UK>
<ind_PK_UK id="41C4CF95-9B82-0AE5-B2C9-10684E0F2118" name="PROD_COR_FK">
<createdBy>mauro</createdBy>
<createdTime>2021-08-24 23:54:44 UTC</createdTime>
<generatorID>E0AACDA8-042C-AD4C-5437-D8F8A1A3596D</generatorID>
<ownerDesignName>ATIVIDADE_FASE1_CAP_6_RM92268</ownerDesignName>
<indexState>Foreign Key</indexState>
<isSurrogateKey>false</isSurrogateKey>
<indexColumnUsage>
<colUsage columnID="DE83D4AD-A483-1393-D48F-D9C50C8CC0FB"/>
</indexColumnUsage>
</ind_PK_UK>
</indexes>
</Table>