<?xml version = '1.0' encoding = 'UTF-8'?>
<Table class="oracle.dbtools.crest.model.design.relational.Table" directorySegmentName="seg_0" id="8E205F66-EF7D-55B3-4364-33339EF87BE8" name="T_PIP_NOTA_FISCAL">
<createdBy>mauro</createdBy>
<createdTime>2021-08-23 12:17:05 UTC</createdTime>
<generatorID>13D21D02-2837-C0DA-22AA-2049F7DD0890</generatorID>
<ownerDesignName>ATIVIDADE_FASE1_CAP_6_RM92268</ownerDesignName>
<allowColumnReorder>false</allowColumnReorder>
<existDependencyGenerateInDDl>true</existDependencyGenerateInDDl>
<parsed>true</parsed>
<columns itemClass="oracle.dbtools.crest.model.design.relational.Column">
<Column name="cd_nota_fiscal" id="0C077944-4162-55F8-9A76-231231DFBD08">
<createdBy>mauro</createdBy>
<createdTime>2021-08-23 12:17:05 UTC</createdTime>
<generatorID>18607ECC-8078-90C0-DD27-902FBBCCEA47</generatorID>
<ownerDesignName>ATIVIDADE_FASE1_CAP_6_RM92268</ownerDesignName>
<useDomainConstraints>false</useDomainConstraints>
<use>1</use>
<logicalDatatype>LOGDT019</logicalDatatype>
<dataTypePrecision>44</dataTypePrecision>
<ownDataTypeParameters>,44,</ownDataTypeParameters>
<autoIncrementCycle>false</autoIncrementCycle>
</Column>
<Column name="NOTAFISCAL_FK_cd_transport" id="B6626662-788A-1E22-E8DD-2013602FF8FD">
<createdBy>mauro</createdBy>
<createdTime>2021-08-23 12:17:05 UTC</createdTime>
<generatorID>4559A6E7-E940-7BFF-E3D5-94121EB6AFC5</generatorID>
<ownerDesignName>ATIVIDADE_FASE1_CAP_6_RM92268</ownerDesignName>
<useDomainConstraints>false</useDomainConstraints>
<use>1</use>
<logicalDatatype>LOGDT019</logicalDatatype>
<dataTypePrecision>10</dataTypePrecision>
<ownDataTypeParameters>,,</ownDataTypeParameters>
<previousColumn>false</previousColumn>
<autoIncrementCycle>false</autoIncrementCycle>
<associations>
<colAssociation fkAssociation="6F6AA94D-4C3F-9799-98E2-256BCD4CB222" referredColumn="669DED5A-B2CD-E9CE-41C6-0A3E65A51164"/>
</associations>
</Column>
<Column name="dr_data_emissao" id="001BCE56-C114-3D3B-2D64-084FE5B1F134">
<createdBy>mauro</createdBy>
<createdTime>2021-08-23 12:17:05 UTC</createdTime>
<generatorID>BA80E737-BCE5-BC87-FBFB-9674CF4E28A2</generatorID>
<ownerDesignName>ATIVIDADE_FASE1_CAP_6_RM92268</ownerDesignName>
<useDomainConstraints>false</useDomainConstraints>
<use>1</use>
<logicalDatatype>LOGDT007</logicalDatatype>
<ownDataTypeParameters>,,</ownDataTypeParameters>
<autoIncrementCycle>false</autoIncrementCycle>
</Column>
<Column name="hr_emissao" id="EA03181C-A356-ADBA-BB21-CF1008A36CFF">
<createdBy>mauro</createdBy>
<createdTime>2021-08-23 12:17:05 UTC</createdTime>
<generatorID>5AECA282-B9F3-0DB0-FDB9-D9F674CF756F</generatorID>
<ownerDesignName>ATIVIDADE_FASE1_CAP_6_RM92268</ownerDesignName>
<useDomainConstraints>false</useDomainConstraints>
<use>1</use>
<logicalDatatype>LOGDT014</logicalDatatype>
<ownDataTypeParameters>,,</ownDataTypeParameters>
<autoIncrementCycle>false</autoIncrementCycle>
</Column>
</columns>
<indexes itemClass="oracle.dbtools.crest.model.design.relational.Index">
<ind_PK_UK id="F1B212CF-B946-C562-BE7C-163CAF195D7B" name="T_NOTA_FISCAL_PK">
<createdBy>mauro</createdBy>
<createdTime>2021-08-23 12:17:05 UTC</createdTime>
<generatorID>1BEAA597-7786-D78F-1450-304777973704</generatorID>
<ownerDesignName>ATIVIDADE_FASE1_CAP_6_RM92268</ownerDesignName>
<pk>true</pk>
<indexState>Primary Constraint</indexState>
<isSurrogateKey>false</isSurrogateKey>
<indexColumnUsage>
<colUsage columnID="0C077944-4162-55F8-9A76-231231DFBD08"/>
</indexColumnUsage>
</ind_PK_UK>
<ind_PK_UK id="F1B6B489-A040-1E43-2D4F-C38597ED9768" name="NOTA_FISCAL_TRANSPORT_FK">
<createdBy>mauro</createdBy>
<createdTime>2021-08-23 12:17:06 UTC</createdTime>
<generatorID>E6650F6E-73BA-B9E3-3B11-5D1B03ED527F</generatorID>
<ownerDesignName>ATIVIDADE_FASE1_CAP_6_RM92268</ownerDesignName>
<indexState>Foreign Key</indexState>
<isSurrogateKey>false</isSurrogateKey>
<indexColumnUsage>
<colUsage columnID="B6626662-788A-1E22-E8DD-2013602FF8FD"/>
</indexColumnUsage>
</ind_PK_UK>
</indexes>
</Table>