<?xml version = '1.0' encoding = 'UTF-8'?>
<Table class="oracle.dbtools.crest.model.design.relational.Table" directorySegmentName="seg_0" id="C0CCEE45-9321-08F0-0EA8-8261C95C6794" name="T_PIP_ENDEREÇO">
<createdBy>mauro</createdBy>
<createdTime>2021-08-23 12:17:05 UTC</createdTime>
<generatorID>E9684A37-F481-0DBA-4A7D-3D70E8C7754F</generatorID>
<ownerDesignName>ATIVIDADE_FASE1_CAP_6_RM92268</ownerDesignName>
<ordsAlias>t_pip_endereco</ordsAlias>
<allowColumnReorder>false</allowColumnReorder>
<existDependencyGenerateInDDl>true</existDependencyGenerateInDDl>
<parsed>true</parsed>
<columns itemClass="oracle.dbtools.crest.model.design.relational.Column">
<Column name="nr_cep" id="5C219C40-C2C4-AE9E-4AB5-381DDBFE293A">
<createdBy>mauro</createdBy>
<createdTime>2021-08-23 12:17:05 UTC</createdTime>
<generatorID>743D0917-343D-F8BF-D1F8-A1B1C05E0410</generatorID>
<ownerDesignName>ATIVIDADE_FASE1_CAP_6_RM92268</ownerDesignName>
<useDomainConstraints>false</useDomainConstraints>
<use>1</use>
<logicalDatatype>LOGDT019</logicalDatatype>
<dataTypePrecision>8</dataTypePrecision>
<ownDataTypeParameters>,8,</ownDataTypeParameters>
<autoIncrementCycle>false</autoIncrementCycle>
</Column>
<Column name="END_FK_cd_tipo_lograd" id="CE43A984-C214-0DE7-790B-8633B7C46B1D">
<createdBy>mauro</createdBy>
<createdTime>2021-08-23 12:17:05 UTC</createdTime>
<generatorID>0DE434DA-209C-2ED7-CD10-698A71338312</generatorID>
<ownerDesignName>ATIVIDADE_FASE1_CAP_6_RM92268</ownerDesignName>
<useDomainConstraints>false</useDomainConstraints>
<use>1</use>
<logicalDatatype>LOGDT019</logicalDatatype>
<dataTypePrecision>10</dataTypePrecision>
<ownDataTypeParameters>,,</ownDataTypeParameters>
<previousColumn>false</previousColumn>
<autoIncrementCycle>false</autoIncrementCycle>
<associations>
<colAssociation fkAssociation="D121962D-2FFC-D09D-A7ED-C70CE52042A1" referredColumn="00550D2F-C57E-F058-3938-4A01D6B89D5B"/>
</associations>
</Column>
<Column name="END_FK_cd_bairro" id="06B37414-B33B-1164-AA72-A913E0C8ADEC">
<createdBy>mauro</createdBy>
<createdTime>2021-08-23 12:17:05 UTC</createdTime>
<generatorID>770370A6-21FD-5A09-F1A7-8EF4AE3AC193</generatorID>
<ownerDesignName>ATIVIDADE_FASE1_CAP_6_RM92268</ownerDesignName>
<useDomainConstraints>false</useDomainConstraints>
<use>1</use>
<logicalDatatype>LOGDT019</logicalDatatype>
<dataTypePrecision>10</dataTypePrecision>
<ownDataTypeParameters>,,</ownDataTypeParameters>
<previousColumn>false</previousColumn>
<autoIncrementCycle>false</autoIncrementCycle>
<associations>
<colAssociation fkAssociation="6203BD01-7A0C-9F32-43EE-14BCC02D9FDA" referredColumn="FA310A7D-0CF7-3AE8-74CC-40A1002C1E25"/>
</associations>
</Column>
<Column name="ds_logradouro" id="F596B4DB-7DA5-A0CD-2BCB-D30C0D249477">
<createdBy>mauro</createdBy>
<createdTime>2021-08-23 12:17:05 UTC</createdTime>
<generatorID>DCD0C392-BD9D-043F-22A6-BEE9CD5319F3</generatorID>
<ownerDesignName>ATIVIDADE_FASE1_CAP_6_RM92268</ownerDesignName>
<useDomainConstraints>false</useDomainConstraints>
<use>1</use>
<logicalDatatype>LOGDT024</logicalDatatype>
<dataTypeSize>30</dataTypeSize>
<ownDataTypeParameters>30,,</ownDataTypeParameters>
<autoIncrementCycle>false</autoIncrementCycle>
</Column>
</columns>
<indexes itemClass="oracle.dbtools.crest.model.design.relational.Index">
<ind_PK_UK id="133641E7-955D-97FA-39E3-4378884A9F25" name="T_ENDEREÇO_PK">
<createdBy>mauro</createdBy>
<createdTime>2021-08-23 12:17:05 UTC</createdTime>
<generatorID>66D73A1C-392E-7DA8-2477-F8769C63C3AE</generatorID>
<ownerDesignName>ATIVIDADE_FASE1_CAP_6_RM92268</ownerDesignName>
<pk>true</pk>
<indexState>Primary Constraint</indexState>
<isSurrogateKey>false</isSurrogateKey>
<indexColumnUsage>
<colUsage columnID="5C219C40-C2C4-AE9E-4AB5-381DDBFE293A"/>
</indexColumnUsage>
</ind_PK_UK>
<ind_PK_UK id="B9713E74-B159-961E-C42C-16668183F893" name="END_T_PIP_TIPO_LOGRAD_FK">
<createdBy>mauro</createdBy>
<createdTime>2021-08-23 12:17:06 UTC</createdTime>
<generatorID>2CE5F0D0-6944-100C-2A21-6CDC38912582</generatorID>
<ownerDesignName>ATIVIDADE_FASE1_CAP_6_RM92268</ownerDesignName>
<indexState>Foreign Key</indexState>
<isSurrogateKey>false</isSurrogateKey>
<indexColumnUsage>
<colUsage columnID="CE43A984-C214-0DE7-790B-8633B7C46B1D"/>
</indexColumnUsage>
</ind_PK_UK>
<ind_PK_UK id="66FEDFB4-340B-F70A-64CD-483BF73A5213" name="ENDEREÇO_T_PIP_BAIRRO_FK">
<createdBy>mauro</createdBy>
<createdTime>2021-08-23 12:17:06 UTC</createdTime>
<generatorID>1E0BD0D9-7A84-2103-8CCD-75C4E6B90254</generatorID>
<ownerDesignName>ATIVIDADE_FASE1_CAP_6_RM92268</ownerDesignName>
<indexState>Foreign Key</indexState>
<isSurrogateKey>false</isSurrogateKey>
<indexColumnUsage>
<colUsage columnID="06B37414-B33B-1164-AA72-A913E0C8ADEC"/>
</indexColumnUsage>
</ind_PK_UK>
</indexes>
</Table>