<?xml version = '1.0' encoding = 'UTF-8'?>
<Table class="oracle.dbtools.crest.model.design.relational.Table" directorySegmentName="seg_0" id="FE55750C-65F3-9993-2297-04168C362706" name="T_PIP_UNIDADE_MEDIDA">
<createdBy>mauro</createdBy>
<createdTime>2021-08-24 01:21:59 UTC</createdTime>
<generatorID>B8EF68D3-6E1E-439D-284F-792EF51CC3B3</generatorID>
<ownerDesignName>ATIVIDADE_FASE1_CAP_6_RM92268</ownerDesignName>
<allowColumnReorder>false</allowColumnReorder>
<existDependencyGenerateInDDl>true</existDependencyGenerateInDDl>
<parsed>true</parsed>
<columns itemClass="oracle.dbtools.crest.model.design.relational.Column">
<Column name="cd_unid_medida" id="1A670711-38DC-B999-2DEE-4943DD094FFD">
<createdBy>mauro</createdBy>
<createdTime>2021-08-24 01:21:59 UTC</createdTime>
<generatorID>849D0DA6-87AE-9DE0-9A18-2AB427C103F8</generatorID>
<ownerDesignName>ATIVIDADE_FASE1_CAP_6_RM92268</ownerDesignName>
<useDomainConstraints>false</useDomainConstraints>
<use>1</use>
<logicalDatatype>LOGDT019</logicalDatatype>
<dataTypePrecision>4</dataTypePrecision>
<ownDataTypeParameters>,4,</ownDataTypeParameters>
<autoIncrementCycle>false</autoIncrementCycle>
</Column>
<Column name="ds_unid_medida" id="75BF40AF-9EEB-3973-56E5-9B99C8AA18C4">
<createdBy>mauro</createdBy>
<createdTime>2021-08-24 01:21:59 UTC</createdTime>
<generatorID>49354260-7EAD-D8EB-F0FF-8D22E9795A23</generatorID>
<ownerDesignName>ATIVIDADE_FASE1_CAP_6_RM92268</ownerDesignName>
<useDomainConstraints>false</useDomainConstraints>
<use>1</use>
<logicalDatatype>LOGDT024</logicalDatatype>
<dataTypeSize>30</dataTypeSize>
<ownDataTypeParameters>30,,</ownDataTypeParameters>
<autoIncrementCycle>false</autoIncrementCycle>
</Column>
</columns>
<indexes itemClass="oracle.dbtools.crest.model.design.relational.Index">
<ind_PK_UK id="C4FBB00B-4CB8-255B-1614-6AD7276C9E51" name="T_PIP_UNIDADE_MEDIDA_PK">
<createdBy>mauro</createdBy>
<createdTime>2021-08-24 01:21:59 UTC</createdTime>
<generatorID>FFE298EA-8B5C-C0A7-FA0F-63510F92BADB</generatorID>
<ownerDesignName>ATIVIDADE_FASE1_CAP_6_RM92268</ownerDesignName>
<pk>true</pk>
<indexState>Primary Constraint</indexState>
<isSurrogateKey>false</isSurrogateKey>
<indexColumnUsage>
<colUsage columnID="1A670711-38DC-B999-2DEE-4943DD094FFD"/>
</indexColumnUsage>
</ind_PK_UK>
</indexes>
</Table>