<?xml version = '1.0' encoding = 'UTF-8'?>
<FKIndexAssociation class="oracle.dbtools.crest.model.design.relational.FKIndexAssociation" directorySegmentName="seg_0" id="0435C498-E31A-DA4B-28C3-D68C4FA97048" containerWithKeyObject="7E678B9B-363F-A967-090B-9BEAC40E554A" localFKIndex="5139B00B-DDE4-C712-FDBC-A9732157A951" name="PROD_UNIDADE_MEDIDA_FK">
<createdBy>mauro</createdBy>
<createdTime>2021-08-24 01:21:59 UTC</createdTime>
<generatorID>7209FED3-195F-6232-F5CE-0976E63C07BB</generatorID>
<ownerDesignName>ATIVIDADE_FASE1_CAP_6_RM92268</ownerDesignName>
<referredTableLongName>T_PIP_UNIDADE_MEDIDA</referredTableLongName>
<deleteRule>NO ACTION</deleteRule>
<referredTableID>FE55750C-65F3-9993-2297-04168C362706</referredTableID>
<keyObject>C4FBB00B-4CB8-255B-1614-6AD7276C9E51</keyObject>
<referredKeyID>C4FBB00B-4CB8-255B-1614-6AD7276C9E51</referredKeyID>
<mandatory>true</mandatory>
<refColNames>cd_unid_medida</refColNames>
<transferable>true</transferable>
<rely>false</rely>
<columnDependencyConstraintGenerateInDDL>true</columnDependencyConstraintGenerateInDDL>
</FKIndexAssociation>