<?xml version = '1.0' encoding = 'UTF-8'?>
<FKIndexAssociation class="oracle.dbtools.crest.model.design.relational.FKIndexAssociation" directorySegmentName="seg_0" id="0C1EEB84-F875-8A4F-3CA4-3714FCEFA4EB" containerWithKeyObject="77DEE9C8-314E-BE0F-5EF1-90649452E149" localFKIndex="9E2D7A69-2DDB-27ED-91E8-CDF1B005F45A" name="FUNCIONARIO_LOJA_FK">
<createdBy>mauro</createdBy>
<createdTime>2021-08-23 13:38:02 UTC</createdTime>
<generatorID>E4E0BFCC-9E9A-D046-3BA3-14D1567477EB</generatorID>
<ownerDesignName>ATIVIDADE_FASE1_CAP_6_RM92268</ownerDesignName>
<referredTableLongName>T_PIP_LOJA</referredTableLongName>
<deleteRule>NO ACTION</deleteRule>
<referredTableID>4334F86E-EFD3-FD78-1EAB-9DFE4021DA7E</referredTableID>
<keyObject>F693A5A6-5BC5-64C3-6A0B-7AD994C9AFC7</keyObject>
<referredKeyID>F693A5A6-5BC5-64C3-6A0B-7AD994C9AFC7</referredKeyID>
<mandatory>true</mandatory>
<refColNames>cd_loja</refColNames>
<transferable>true</transferable>
<rely>false</rely>
<columnDependencyConstraintGenerateInDDL>true</columnDependencyConstraintGenerateInDDL>
</FKIndexAssociation>