<?xml version = '1.0' encoding = 'UTF-8'?>
<FKIndexAssociation class="oracle.dbtools.crest.model.design.relational.FKIndexAssociation" directorySegmentName="seg_0" id="5C3877CC-4A51-66B8-3015-F2F518B45827" containerWithKeyObject="60DE04C6-3E35-3CAF-399C-B1D6AB54CA76" localFKIndex="10E124DE-F5C3-4951-D2F6-E0C444B1305D" name="CLI_END_T_PIP_ENDEREÇO_FK">
<createdBy>mauro</createdBy>
<createdTime>2021-08-23 12:17:06 UTC</createdTime>
<generatorID>6CC42B81-E946-0016-0CFF-3F95F3CA17EE</generatorID>
<ownerDesignName>ATIVIDADE_FASE1_CAP_6_RM92268</ownerDesignName>
<referredTableLongName>T_PIP_ENDEREÇO</referredTableLongName>
<deleteRule>NO ACTION</deleteRule>
<referredTableID>C0CCEE45-9321-08F0-0EA8-8261C95C6794</referredTableID>
<keyObject>133641E7-955D-97FA-39E3-4378884A9F25</keyObject>
<referredKeyID>133641E7-955D-97FA-39E3-4378884A9F25</referredKeyID>
<mandatory>true</mandatory>
<refColNames>nr_cep</refColNames>
<transferable>true</transferable>
<rely>false</rely>
<columnDependencyConstraintGenerateInDDL>true</columnDependencyConstraintGenerateInDDL>
</FKIndexAssociation>