<?xml version = '1.0' encoding = 'UTF-8'?>
<FKIndexAssociation class="oracle.dbtools.crest.model.design.relational.FKIndexAssociation" directorySegmentName="seg_0" id="6348C9BE-1E3E-5EB8-C1A7-76AE09D7F723" containerWithKeyObject="074EDC7B-9309-C7AC-E990-3039A500026B" localFKIndex="8ED3E6D1-0831-C6CF-9C51-391AF4494B20" name="VEND_FUNCIONARIO_FK">
<createdBy>mauro</createdBy>
<createdTime>2021-08-23 13:38:02 UTC</createdTime>
<generatorID>C323753F-49BC-2753-89E2-9F968B6A0F95</generatorID>
<ownerDesignName>ATIVIDADE_FASE1_CAP_6_RM92268</ownerDesignName>
<referredTableLongName>T_PIP_FUNCIONARIO</referredTableLongName>
<arc>F5DB7764-4384-5A1E-F69C-B5DF90262AFA</arc>
<deleteRule>NO ACTION</deleteRule>
<referredTableID>77DEE9C8-314E-BE0F-5EF1-90649452E149</referredTableID>
<keyObject>75CB30FC-07DD-D6DA-97F4-A839AC774673</keyObject>
<referredKeyID>75CB30FC-07DD-D6DA-97F4-A839AC774673</referredKeyID>
<mandatory>true</mandatory>
<refColNames>cd_funcionario</refColNames>
<transferable>true</transferable>
<rely>false</rely>
<discriminatorValue>FUNC_FK_cod_tipo_func</discriminatorValue>
<columnDependencyConstraintGenerateInDDL>true</columnDependencyConstraintGenerateInDDL>
</FKIndexAssociation>