<?xml version = '1.0' encoding = 'UTF-8'?>
<FKIndexAssociation class="oracle.dbtools.crest.model.design.relational.FKIndexAssociation" directorySegmentName="seg_0" id="87DCF56A-F8B0-E780-D757-B38C3E764DE9" containerWithKeyObject="60DE04C6-3E35-3CAF-399C-B1D6AB54CA76" localFKIndex="E94CF4F7-FEAA-49B1-4B9E-DB1588A89165" name="CLI_END_T_PIP_CLIENTE_FK">
<createdBy>mauro</createdBy>
<createdTime>2021-08-23 12:17:06 UTC</createdTime>
<generatorID>F3FA58F5-7B46-82A0-CEB8-8595A8823198</generatorID>
<ownerDesignName>ATIVIDADE_FASE1_CAP_6_RM92268</ownerDesignName>
<referredTableLongName>T_PIP_CLIENTE</referredTableLongName>
<deleteRule>NO ACTION</deleteRule>
<referredTableID>FBFDAECB-269D-69F3-1CE6-07C10C8712FD</referredTableID>
<keyObject>F0869CEC-F6B1-5A70-0B4E-10694D2749F2</keyObject>
<referredKeyID>F0869CEC-F6B1-5A70-0B4E-10694D2749F2</referredKeyID>
<mandatory>true</mandatory>
<refColNames>cd_cliente</refColNames>
<transferable>true</transferable>
<rely>false</rely>
<columnDependencyConstraintGenerateInDDL>true</columnDependencyConstraintGenerateInDDL>
</FKIndexAssociation>