<?xml version = '1.0' encoding = 'UTF-8'?>
<FKIndexAssociation class="oracle.dbtools.crest.model.design.relational.FKIndexAssociation" directorySegmentName="seg_0" id="A26091D8-057E-F02C-894C-7E9F2DD9BD8E" containerWithKeyObject="63D5353B-4315-DDC4-2492-86E77BBEE22F" localFKIndex="AA6513CC-1658-AB59-5AC5-AAD0075F33AA" name="PESSOA_JURIDICA_CLIENTE_FK">
<createdBy>mauro</createdBy>
<createdTime>2021-08-23 12:17:06 UTC</createdTime>
<generatorID>CFBD8BC4-F53A-13F7-4492-D41CD0201782</generatorID>
<ownerDesignName>ATIVIDADE_FASE1_CAP_6_RM92268</ownerDesignName>
<referredTableLongName>T_PIP_CLIENTE</referredTableLongName>
<arc>F9399FAB-4AD3-9055-42F7-9A11C81A9FB9</arc>
<deleteRule>NO ACTION</deleteRule>
<referredTableID>FBFDAECB-269D-69F3-1CE6-07C10C8712FD</referredTableID>
<keyObject>F0869CEC-F6B1-5A70-0B4E-10694D2749F2</keyObject>
<referredKeyID>F0869CEC-F6B1-5A70-0B4E-10694D2749F2</referredKeyID>
<mandatory>true</mandatory>
<refColNames>cd_cliente</refColNames>
<transferable>true</transferable>
<rely>false</rely>
<discriminatorValue>TCLIENTE_FK_cod_tipo_cliente</discriminatorValue>
<columnDependencyConstraintGenerateInDDL>true</columnDependencyConstraintGenerateInDDL>
</FKIndexAssociation>