<?xml version = '1.0' encoding = 'UTF-8'?>
<FKIndexAssociation class="oracle.dbtools.crest.model.design.relational.FKIndexAssociation" directorySegmentName="seg_0" id="D198BB2A-6057-E510-68AD-3FEA529428FE" containerWithKeyObject="D576DDBC-9F6B-0133-9D61-A19FB98BFEEE" localFKIndex="AEAAED8E-7EA7-BF31-C75C-21BCCDC97A3D" name="ENTREGADOR_FORNECEDOR_FK">
<createdBy>mauro</createdBy>
<createdTime>2021-08-23 12:17:06 UTC</createdTime>
<generatorID>D8D7D113-ED83-A093-05C8-F1E7EE9165E4</generatorID>
<ownerDesignName>ATIVIDADE_FASE1_CAP_6_RM92268</ownerDesignName>
<referredTableLongName>T_PIP_FORNECEDOR</referredTableLongName>
<deleteRule>NO ACTION</deleteRule>
<referredTableID>5D9FCC2F-3A77-64B0-C0B3-4FA211AE4241</referredTableID>
<keyObject>528FF0C0-8125-675E-B7FE-B42E2282C5EC</keyObject>
<referredKeyID>528FF0C0-8125-675E-B7FE-B42E2282C5EC</referredKeyID>
<mandatory>true</mandatory>
<refColNames>cd_fornecedor</refColNames>
<transferable>true</transferable>
<rely>false</rely>
<columnDependencyConstraintGenerateInDDL>true</columnDependencyConstraintGenerateInDDL>
</FKIndexAssociation>