<?xml version = '1.0' encoding = 'UTF-8'?>
<FKIndexAssociation class="oracle.dbtools.crest.model.design.relational.FKIndexAssociation" directorySegmentName="seg_0" id="D78DBAF1-8210-0F01-AD48-4192E251B538" containerWithKeyObject="40BBB7C2-E953-6AC2-E0E1-317FF7A2C435" localFKIndex="0038405B-0F72-F43B-30D2-FF19EF0FBB40" name="PESSOA_FISICA_CLIENTE_FK">
<createdBy>mauro</createdBy>
<createdTime>2021-08-23 12:17:06 UTC</createdTime>
<generatorID>C9C16228-7A91-54A8-070A-F9BE120F0B69</generatorID>
<ownerDesignName>ATIVIDADE_FASE1_CAP_6_RM92268</ownerDesignName>
<referredTableLongName>T_PIP_CLIENTE</referredTableLongName>
<arc>F9399FAB-4AD3-9055-42F7-9A11C81A9FB9</arc>
<deleteRule>NO ACTION</deleteRule>
<referredTableID>FBFDAECB-269D-69F3-1CE6-07C10C8712FD</referredTableID>
<keyObject>F0869CEC-F6B1-5A70-0B4E-10694D2749F2</keyObject>
<referredKeyID>F0869CEC-F6B1-5A70-0B4E-10694D2749F2</referredKeyID>
<mandatory>true</mandatory>
<refColNames>cd_cliente</refColNames>
<transferable>true</transferable>
<rely>false</rely>
<discriminatorValue>TCLIENTE_FK_cod_tipo_cliente</discriminatorValue>
<columnDependencyConstraintGenerateInDDL>true</columnDependencyConstraintGenerateInDDL>
</FKIndexAssociation>