<?xml version = '1.0' encoding = 'UTF-8'?>
<FKIndexAssociation class="oracle.dbtools.crest.model.design.relational.FKIndexAssociation" directorySegmentName="seg_0" id="D7A440EA-8622-044C-45D8-B93B843E9BD7" containerWithKeyObject="504EE0C2-9F61-B755-BDC4-70EE3B2B6371" localFKIndex="CC5FB94C-9077-4704-7CD4-412D6756F779" name="GERENTE_FUNCIONARIO_FK">
<createdBy>mauro</createdBy>
<createdTime>2021-08-23 13:38:02 UTC</createdTime>
<generatorID>127BA590-0696-16DA-72A5-3FEA194CF891</generatorID>
<ownerDesignName>ATIVIDADE_FASE1_CAP_6_RM92268</ownerDesignName>
<referredTableLongName>T_PIP_FUNCIONARIO</referredTableLongName>
<arc>F5DB7764-4384-5A1E-F69C-B5DF90262AFA</arc>
<deleteRule>NO ACTION</deleteRule>
<referredTableID>77DEE9C8-314E-BE0F-5EF1-90649452E149</referredTableID>
<keyObject>75CB30FC-07DD-D6DA-97F4-A839AC774673</keyObject>
<referredKeyID>75CB30FC-07DD-D6DA-97F4-A839AC774673</referredKeyID>
<mandatory>true</mandatory>
<refColNames>cd_funcionario</refColNames>
<transferable>true</transferable>
<rely>false</rely>
<discriminatorValue>FUNC_FK_cod_tipo_func</discriminatorValue>
<columnDependencyConstraintGenerateInDDL>true</columnDependencyConstraintGenerateInDDL>
</FKIndexAssociation>