<?xml version = '1.0' encoding = 'UTF-8'?>
<FKArc class="oracle.dbtools.crest.model.design.relational.FKArc" directorySegmentName="seg_0" id="F9399FAB-4AD3-9055-42F7-9A11C81A9FB9" name="Arc_1">
<createdBy>mauro</createdBy>
<createdTime>2021-08-23 12:17:06 UTC</createdTime>
<ownerDesignName>ATIVIDADE_FASE1_CAP_6_RM92268</ownerDesignName>
<mandatory>true</mandatory>
<reverseArc>true</reverseArc>
<table>FBFDAECB-269D-69F3-1CE6-07C10C8712FD</table>
<discriminatorColumn>3F0BEAA7-029A-8F9B-7720-5EEA211FF51C</discriminatorColumn>
<fkeys>
<fkeyID>A26091D8-057E-F02C-894C-7E9F2DD9BD8E</fkeyID>
<fkeyID>D78DBAF1-8210-0F01-AD48-4192E251B538</fkeyID>
</fkeys>
</FKArc>