<?xml version = '1.0' encoding = 'UTF-8'?>
<Relation class="oracle.dbtools.crest.model.design.logical.Relation" name="SERv5" directorySegmentName="seg_0" id="127BA590-0696-16DA-72A5-3FEA194CF891">
<createdBy>mauro</createdBy>
<createdTime>2021-08-23 12:59:58 UTC</createdTime>
<ownerDesignName>ATIVIDADE_FASE1_CAP_6_RM92268</ownerDesignName>
<engineerTo>
<item key="0A47ACCB-0680-BE80-AB34-B113F06A75AC" value="true"/>
</engineerTo>
<sourcePk>05CEE49F-C94D-C526-C7EA-860E96B92E66</sourcePk>
<arc>C3D6E95B-7747-836D-E18C-1547C3C2154C</arc>
<identifying>true</identifying>
<optionalSource>true</optionalSource>
<optionalTarget>false</optionalTarget>
<sourceCardinality>1</sourceCardinality>
<sourceEntity>616C6584-43D3-C320-A079-CEAED14932D1</sourceEntity>
<targetCardinalityString>1</targetCardinalityString>
<targetEntity>127A9DAE-DD6F-D5AA-0FCE-BAE4D3C71477</targetEntity>
<transferable>true</transferable>
<deleteRule>NO ACTION</deleteRule>
</Relation>