<?xml version = '1.0' encoding = 'UTF-8'?>
<Relation class="oracle.dbtools.crest.model.design.logical.Relation" name="serv4" directorySegmentName="seg_0" id="12F0581E-0A17-154F-15AB-A5F66107CE99">
<createdBy>mauro</createdBy>
<createdTime>2021-08-23 23:52:34 UTC</createdTime>
<ownerDesignName>ATIVIDADE_FASE1_CAP_6_RM92268</ownerDesignName>
<engineerTo>
<item key="0A47ACCB-0680-BE80-AB34-B113F06A75AC" value="true"/>
</engineerTo>
<sourcePk>89EA3551-65DF-C752-2059-415338A74119</sourcePk>
<identifying>false</identifying>
<optionalSource>true</optionalSource>
<optionalTarget>false</optionalTarget>
<sourceCardinality>1</sourceCardinality>
<sourceEntity>36C59FD5-8211-030D-8239-80B92951CFC5</sourceEntity>
<targetCardinalityString>*</targetCardinalityString>
<targetEntity>87795DF6-F8E8-8275-A633-4CDA1F78CE21</targetEntity>
<transferable>true</transferable>
<deleteRule>NO ACTION</deleteRule>
</Relation>