<?xml version = '1.0' encoding = 'UTF-8'?>
<Relation class="oracle.dbtools.crest.model.design.logical.Relation" name="SER" directorySegmentName="seg_0" id="3A05BE9F-A761-D5F5-FD4A-A5E3FE0046CD">
<createdBy>mauro</createdBy>
<createdTime>2021-08-21 13:16:26 UTC</createdTime>
<ownerDesignName>ATIVIDADE</ownerDesignName>
<engineerTo>
<item key="0A47ACCB-0680-BE80-AB34-B113F06A75AC" value="true"/>
</engineerTo>
<targetPk>896AE829-30F0-FDA4-3A95-94C3E884C893</targetPk>
<identifying>false</identifying>
<optionalSource>false</optionalSource>
<optionalTarget>true</optionalTarget>
<sourceCardinality>*</sourceCardinality>
<sourceEntity>C82A75FE-58EE-2DCB-83CB-799D0E0F133C</sourceEntity>
<targetCardinalityString>1</targetCardinalityString>
<targetEntity>2F9D7199-363F-8715-A9E4-2A6752F9858B</targetEntity>
<transferable>true</transferable>
<deleteRule>NO ACTION</deleteRule>
</Relation>