<?xml version = '1.0' encoding = 'UTF-8'?>
<Relation class="oracle.dbtools.crest.model.design.logical.Relation" name="GERAR" directorySegmentName="seg_0" id="49EDA810-61C2-FD1B-4FF4-5372BA13090E">
<createdBy>mauro</createdBy>
<createdTime>2021-08-21 12:50:37 UTC</createdTime>
<ownerDesignName>ATIVIDADE</ownerDesignName>
<engineerTo>
<item key="0A47ACCB-0680-BE80-AB34-B113F06A75AC" value="true"/>
</engineerTo>
<sourcePk>1E5A14A6-1663-766F-EB1F-025A07241FE6</sourcePk>
<identifying>false</identifying>
<optionalSource>false</optionalSource>
<optionalTarget>false</optionalTarget>
<sourceCardinality>1</sourceCardinality>
<sourceEntity>87795DF6-F8E8-8275-A633-4CDA1F78CE21</sourceEntity>
<targetCardinalityString>*</targetCardinalityString>
<targetEntity>DB2A0D03-45C7-6062-D318-AA2D583C6890</targetEntity>
<transferable>true</transferable>
<deleteRule>NO ACTION</deleteRule>
</Relation>