<?xml version = '1.0' encoding = 'UTF-8'?>
<Relation class="oracle.dbtools.crest.model.design.logical.Relation" name="ENTREGAR" directorySegmentName="seg_0" id="4E627174-B1F5-F7B8-E1AD-BE40CA88C54C">
<createdBy>mauro</createdBy>
<createdTime>2021-08-21 15:38:32 UTC</createdTime>
<ownerDesignName>ATIVIDADE_FASE1_CAP_6_RM92268</ownerDesignName>
<engineerTo>
<item key="0A47ACCB-0680-BE80-AB34-B113F06A75AC" value="true"/>
</engineerTo>
<sourcePk>1A9E8D40-5CE2-6891-287C-E3225B8475B6</sourcePk>
<identifying>true</identifying>
<optionalSource>true</optionalSource>
<optionalTarget>false</optionalTarget>
<sourceCardinality>1</sourceCardinality>
<sourceEntity>74912FF0-E178-38D1-8C60-43EA8298E1AA</sourceEntity>
<targetCardinalityString>*</targetCardinalityString>
<targetEntity>F45DC71B-60DA-EAEC-DDE0-5E25E7CBD1DD</targetEntity>
<transferable>true</transferable>
<deleteRule>NO ACTION</deleteRule>
</Relation>