<?xml version = '1.0' encoding = 'UTF-8'?>
<Relation class="oracle.dbtools.crest.model.design.logical.Relation" name="ATENDER" directorySegmentName="seg_0" id="653D9C50-C233-5394-A1BD-56E914C5D774">
<createdBy>mauro</createdBy>
<createdTime>2021-08-21 14:27:00 UTC</createdTime>
<ownerDesignName>ATIVIDADE_FASE1_CAP_6_RM92268</ownerDesignName>
<engineerTo>
<item key="0A47ACCB-0680-BE80-AB34-B113F06A75AC" value="true"/>
</engineerTo>
<sourcePk>296C4460-2C0E-DB95-020E-1B92A60375D5</sourcePk>
<targetPk>861D4E21-0236-53CC-4D97-F55AA26AB9EA</targetPk>
<identifying>false</identifying>
<optionalSource>false</optionalSource>
<optionalTarget>true</optionalTarget>
<sourceCardinality>*</sourceCardinality>
<sourceEntity>DB2A0D03-45C7-6062-D318-AA2D583C6890</sourceEntity>
<targetCardinalityString>1</targetCardinalityString>
<targetEntity>FA6E196E-EC99-3E12-1960-5556F70DD8D5</targetEntity>
<transferable>true</transferable>
<deleteRule>NO ACTION</deleteRule>
</Relation>