<?xml version = '1.0' encoding = 'UTF-8'?>
<Relation class="oracle.dbtools.crest.model.design.logical.Relation" name="GERARv3" directorySegmentName="seg_0" id="7AD83696-7B3C-57A2-889C-6B94AF7E666D">
<createdBy>mauro</createdBy>
<createdTime>2021-08-25 00:20:49 UTC</createdTime>
<ownerDesignName>ATIVIDADE_FASE1_CAP_6_RM92268</ownerDesignName>
<engineerTo>
<item key="0A47ACCB-0680-BE80-AB34-B113F06A75AC" value="true"/>
</engineerTo>
<sourcePk>296C4460-2C0E-DB95-020E-1B92A60375D5</sourcePk>
<identifying>true</identifying>
<optionalSource>true</optionalSource>
<optionalTarget>false</optionalTarget>
<sourceCardinality>1</sourceCardinality>
<sourceEntity>DB2A0D03-45C7-6062-D318-AA2D583C6890</sourceEntity>
<targetCardinalityString>*</targetCardinalityString>
<targetEntity>F0590DF7-6647-DBF6-EDAF-E2B82D77ED3E</targetEntity>
<transferable>true</transferable>
<deleteRule>NO ACTION</deleteRule>
</Relation>