<?xml version = '1.0' encoding = 'UTF-8'?>
<Relation class="oracle.dbtools.crest.model.design.logical.Relation" name="PERTENCERv2" directorySegmentName="seg_0" id="BE7375E7-FECA-08FB-1B57-A1629F1FDDEB">
<createdBy>mauro</createdBy>
<createdTime>2021-08-24 00:31:49 UTC</createdTime>
<ownerDesignName>ATIVIDADE_FASE1_CAP_6_RM92268</ownerDesignName>
<engineerTo>
<item key="0A47ACCB-0680-BE80-AB34-B113F06A75AC" value="true"/>
</engineerTo>
<sourcePk>005269B8-F78F-ECB7-283E-1E35921A3CB8</sourcePk>
<identifying>false</identifying>
<optionalSource>true</optionalSource>
<optionalTarget>false</optionalTarget>
<sourceCardinality>1</sourceCardinality>
<sourceEntity>78142ECF-BA73-F35C-FBDF-9D116231F7C7</sourceEntity>
<targetCardinalityString>*</targetCardinalityString>
<targetEntity>548DD084-B679-643E-6B2D-55EC2EBC170A</targetEntity>
<transferable>true</transferable>
<deleteRule>NO ACTION</deleteRule>
</Relation>