<?xml version = '1.0' encoding = 'UTF-8'?>
<Relation class="oracle.dbtools.crest.model.design.logical.Relation" name="SERv3" directorySegmentName="seg_0" id="CFBD8BC4-F53A-13F7-4492-D41CD0201782">
<createdBy>mauro</createdBy>
<createdTime>2021-08-21 13:31:35 UTC</createdTime>
<ownerDesignName>ATIVIDADE</ownerDesignName>
<engineerTo>
<item key="0A47ACCB-0680-BE80-AB34-B113F06A75AC" value="true"/>
</engineerTo>
<sourcePk>1E5A14A6-1663-766F-EB1F-025A07241FE6</sourcePk>
<arc>0DA8582D-87E0-1AF9-CD8B-A3B743D169B0</arc>
<identifying>false</identifying>
<optionalSource>true</optionalSource>
<optionalTarget>false</optionalTarget>
<sourceCardinality>1</sourceCardinality>
<sourceEntity>87795DF6-F8E8-8275-A633-4CDA1F78CE21</sourceEntity>
<targetCardinalityString>1</targetCardinalityString>
<targetEntity>398DD083-EE20-CDC2-E2B5-D4AFD8167D4F</targetEntity>
<transferable>true</transferable>
<deleteRule>NO ACTION</deleteRule>
</Relation>