<?xml version = '1.0' encoding = 'UTF-8'?>
<Relation class="oracle.dbtools.crest.model.design.logical.Relation" name="consultarv2" directorySegmentName="seg_0" id="D23403BE-47AE-C004-1452-884D0F37D6B5">
<createdBy>mauro</createdBy>
<createdTime>2021-08-21 14:57:58 UTC</createdTime>
<ownerDesignName>ATIVIDADE_FASE1_CAP_6_RM92268</ownerDesignName>
<engineerTo>
<item key="0A47ACCB-0680-BE80-AB34-B113F06A75AC" value="true"/>
</engineerTo>
<sourcePk>211E4D7C-DD54-5047-5FF9-562CA707D056</sourcePk>
<identifying>true</identifying>
<optionalSource>true</optionalSource>
<optionalTarget>false</optionalTarget>
<sourceCardinality>1</sourceCardinality>
<sourceEntity>548DD084-B679-643E-6B2D-55EC2EBC170A</sourceEntity>
<targetCardinalityString>*</targetCardinalityString>
<targetEntity>F0590DF7-6647-DBF6-EDAF-E2B82D77ED3E</targetEntity>
<transferable>true</transferable>
<deleteRule>NO ACTION</deleteRule>
</Relation>