<?xml version = '1.0' encoding = 'UTF-8'?>
<Relation class="oracle.dbtools.crest.model.design.logical.Relation" name="PERTENCERv1" directorySegmentName="seg_0" id="E0AACDA8-042C-AD4C-5437-D8F8A1A3596D">
<createdBy>mauro</createdBy>
<createdTime>2021-08-24 23:53:26 UTC</createdTime>
<ownerDesignName>ATIVIDADE_FASE1_CAP_6_RM92268</ownerDesignName>
<engineerTo>
<item key="0A47ACCB-0680-BE80-AB34-B113F06A75AC" value="true"/>
</engineerTo>
<sourcePk>304DE28D-E1C0-811B-4D0E-DC74A654F0EE</sourcePk>
<identifying>false</identifying>
<optionalSource>true</optionalSource>
<optionalTarget>false</optionalTarget>
<sourceCardinality>1</sourceCardinality>
<sourceEntity>4E6D939F-05DF-BB77-928D-2D2FE0F1DD85</sourceEntity>
<targetCardinalityString>*</targetCardinalityString>
<targetEntity>548DD084-B679-643E-6B2D-55EC2EBC170A</targetEntity>
<transferable>true</transferable>
<deleteRule>NO ACTION</deleteRule>
</Relation>