<?xml version = '1.0' encoding = 'UTF-8'?>
<Relation class="oracle.dbtools.crest.model.design.logical.Relation" name="trabalha" directorySegmentName="seg_0" id="E4E0BFCC-9E9A-D046-3BA3-14D1567477EB">
<createdBy>mauro</createdBy>
<createdTime>2021-08-23 13:00:44 UTC</createdTime>
<ownerDesignName>ATIVIDADE_FASE1_CAP_6_RM92268</ownerDesignName>
<engineerTo>
<item key="0A47ACCB-0680-BE80-AB34-B113F06A75AC" value="true"/>
</engineerTo>
<targetPk>1A9E8D40-5CE2-6891-287C-E3225B8475B6</targetPk>
<identifying>false</identifying>
<optionalSource>false</optionalSource>
<optionalTarget>true</optionalTarget>
<sourceCardinality>*</sourceCardinality>
<sourceEntity>616C6584-43D3-C320-A079-CEAED14932D1</sourceEntity>
<targetCardinalityString>1</targetCardinalityString>
<targetEntity>74912FF0-E178-38D1-8C60-43EA8298E1AA</targetEntity>
<transferable>true</transferable>
<deleteRule>NO ACTION</deleteRule>
</Relation>