<?xml version = '1.0' encoding = 'UTF-8'?>
<Relation class="oracle.dbtools.crest.model.design.logical.Relation" name="PERTENCER" directorySegmentName="seg_0" id="EB4F6D9E-7E0B-2435-CF70-7F715FE786DA">
<createdBy>mauro</createdBy>
<createdTime>2021-08-21 15:05:19 UTC</createdTime>
<ownerDesignName>ATIVIDADE_FASE1_CAP_6_RM92268</ownerDesignName>
<engineerTo>
<item key="0A47ACCB-0680-BE80-AB34-B113F06A75AC" value="true"/>
</engineerTo>
<sourcePk>211E4D7C-DD54-5047-5FF9-562CA707D056</sourcePk>
<targetPk>1D41DC39-FE97-4570-62E0-494668F00833</targetPk>
<identifying>false</identifying>
<optionalSource>false</optionalSource>
<optionalTarget>true</optionalTarget>
<sourceCardinality>*</sourceCardinality>
<sourceEntity>548DD084-B679-643E-6B2D-55EC2EBC170A</sourceEntity>
<targetCardinalityString>1</targetCardinalityString>
<targetEntity>F6AE3C42-73CC-88FC-27A1-F0861BBF4AC1</targetEntity>
<transferable>true</transferable>
<deleteRule>NO ACTION</deleteRule>
</Relation>