<?xml version = '1.0' encoding = 'UTF-8'?>
<Relation class="oracle.dbtools.crest.model.design.logical.Relation" name="TERv5" directorySegmentName="seg_0" id="EDE4F80A-E6D5-B7DC-0F95-0CBDCDC47906">
<createdBy>mauro</createdBy>
<createdTime>2021-08-21 13:20:06 UTC</createdTime>
<ownerDesignName>ATIVIDADE</ownerDesignName>
<engineerTo>
<item key="0A47ACCB-0680-BE80-AB34-B113F06A75AC" value="true"/>
</engineerTo>
<sourcePk>1E5A14A6-1663-766F-EB1F-025A07241FE6</sourcePk>
<identifying>false</identifying>
<optionalSource>true</optionalSource>
<optionalTarget>false</optionalTarget>
<sourceCardinality>1</sourceCardinality>
<sourceEntity>87795DF6-F8E8-8275-A633-4CDA1F78CE21</sourceEntity>
<targetCardinalityString>*</targetCardinalityString>
<targetEntity>C82A75FE-58EE-2DCB-83CB-799D0E0F133C</targetEntity>
<transferable>true</transferable>
<deleteRule>NO ACTION</deleteRule>
</Relation>