<?xml version = '1.0' encoding = 'UTF-8'?>
<Relation class="oracle.dbtools.crest.model.design.logical.Relation" name="TER" directorySegmentName="seg_0" id="F3FA58F5-7B46-82A0-CEB8-8595A8823198">
<createdBy>mauro</createdBy>
<createdTime>2021-08-21 13:05:47 UTC</createdTime>
<ownerDesignName>ATIVIDADE_FASE1_CAP_6_RM92268</ownerDesignName>
<engineerTo>
<item key="0A47ACCB-0680-BE80-AB34-B113F06A75AC" value="true"/>
</engineerTo>
<sourcePk>1E5A14A6-1663-766F-EB1F-025A07241FE6</sourcePk>
<identifying>true</identifying>
<optionalSource>false</optionalSource>
<optionalTarget>false</optionalTarget>
<sourceCardinality>1</sourceCardinality>
<sourceEntity>87795DF6-F8E8-8275-A633-4CDA1F78CE21</sourceEntity>
<targetCardinalityString>*</targetCardinalityString>
<targetEntity>8D668B9D-050E-04EA-82B1-B00D014FFDED</targetEntity>
<transferable>true</transferable>
<deleteRule>NO ACTION</deleteRule>
</Relation>