<?xml version = '1.0' encoding = 'UTF-8'?>
<Arc class="oracle.dbtools.crest.model.design.logical.Arc" directorySegmentName="seg_0" id="0DA8582D-87E0-1AF9-CD8B-A3B743D169B0" name="Arc_1">
<createdBy>mauro</createdBy>
<createdTime>2021-08-21 13:32:12 UTC</createdTime>
<ownerDesignName>ATIVIDADE</ownerDesignName>
<engineerTo>
<item key="0A47ACCB-0680-BE80-AB34-B113F06A75AC" value="true"/>
</engineerTo>
<entity>87795DF6-F8E8-8275-A633-4CDA1F78CE21</entity>
<relations>
<relationID>CFBD8BC4-F53A-13F7-4492-D41CD0201782</relationID>
<relationID>C9C16228-7A91-54A8-070A-F9BE120F0B69</relationID>
</relations>
</Arc>