<?xml version = '1.0' encoding = 'UTF-8'?>
<Entity class="oracle.dbtools.crest.model.design.logical.Entity" directorySegmentName="seg_0" id="13D21D02-2837-C0DA-22AA-2049F7DD0890" name="T_PIP_NOTA_FISCAL">
<createdBy>mauro</createdBy>
<createdTime>2021-08-21 12:31:56 UTC</createdTime>
<ownerDesignName>ATIVIDADE_FASE1_CAP_6_RM92268</ownerDesignName>
<engineerTo>
<item key="0A47ACCB-0680-BE80-AB34-B113F06A75AC" value="true"/>
</engineerTo>
<adequatelyNormalized>NO</adequatelyNormalized>
<expectedVolumes>0</expectedVolumes>
<fwdEngineeringStrategyName>Single Table</fwdEngineeringStrategyName>
<growthPercent>0</growthPercent>
<growthType>Year</growthType>
<maxVolumes>9999999</maxVolumes>
<minVolumes>0</minVolumes>
<normalForm>Third</normalForm>
<attributes itemClass="oracle.dbtools.crest.model.design.logical.Attribute">
<Attribute name="cd_nota_fiscal" id="18607ECC-8078-90C0-DD27-902FBBCCEA47">
<createdBy>mauro</createdBy>
<createdTime>2021-08-21 14:31:07 UTC</createdTime>
<ownerDesignName>ATIVIDADE_FASE1_CAP_6_RM92268</ownerDesignName>
<engineerTo>
<item key="0A47ACCB-0680-BE80-AB34-B113F06A75AC" value="true"/>
</engineerTo>
<useDomainConstraints>false</useDomainConstraints>
<use>1</use>
<logicalDatatype>LOGDT019</logicalDatatype>
<dataTypePrecision>44</dataTypePrecision>
<ownDataTypeParameters>,44,</ownDataTypeParameters>
</Attribute>
<Attribute name="cd_transportadora" id="4559A6E7-E940-7BFF-E3D5-94121EB6AFC5">
<createdBy>mauro</createdBy>
<createdTime>2021-08-21 15:00:09 UTC</createdTime>
<generatorID>E6650F6E-73BA-B9E3-3B11-5D1B03ED527F</generatorID>
<ownerDesignName>ATIVIDADE_FASE1_CAP_6_RM92268</ownerDesignName>
<engineerTo>
<item key="0A47ACCB-0680-BE80-AB34-B113F06A75AC" value="true"/>
</engineerTo>
<referedAttribute>59516AFC-4EE7-3007-0AC3-710A183CD554</referedAttribute>
<useDomainConstraints>false</useDomainConstraints>
<use>1</use>
<logicalDatatype>LOGDT019</logicalDatatype>
<dataTypePrecision>10</dataTypePrecision>
<ownDataTypeParameters>,10,</ownDataTypeParameters>
</Attribute>
<Attribute name="dr_data_emissao" id="BA80E737-BCE5-BC87-FBFB-9674CF4E28A2">
<createdBy>mauro</createdBy>
<createdTime>2021-08-21 15:18:31 UTC</createdTime>
<ownerDesignName>ATIVIDADE_FASE1_CAP_6_RM92268</ownerDesignName>
<engineerTo>
<item key="0A47ACCB-0680-BE80-AB34-B113F06A75AC" value="true"/>
</engineerTo>
<useDomainConstraints>false</useDomainConstraints>
<use>1</use>
<logicalDatatype>LOGDT007</logicalDatatype>
<ownDataTypeParameters>,,</ownDataTypeParameters>
</Attribute>
<Attribute name="hr_emissao" id="5AECA282-B9F3-0DB0-FDB9-D9F674CF756F">
<createdBy>mauro</createdBy>
<createdTime>2021-08-21 15:19:30 UTC</createdTime>
<ownerDesignName>ATIVIDADE_FASE1_CAP_6_RM92268</ownerDesignName>
<engineerTo>
<item key="0A47ACCB-0680-BE80-AB34-B113F06A75AC" value="true"/>
</engineerTo>
<useDomainConstraints>false</useDomainConstraints>
<use>1</use>
<logicalDatatype>LOGDT014</logicalDatatype>
<ownDataTypeParameters>,,</ownDataTypeParameters>
</Attribute>
</attributes>
<identifiers itemClass="oracle.dbtools.crest.model.design.logical.CandidateKey">
<identifier id="1BEAA597-7786-D78F-1450-304777973704" name="T_NOTA_FISCAL PK">
<createdBy>mauro</createdBy>
<createdTime>2021-08-21 14:29:45 UTC</createdTime>
<ownerDesignName>ATIVIDADE_FASE1_CAP_6_RM92268</ownerDesignName>
<shouldEngineer>false</shouldEngineer>
<engineerTo>
<item key="0A47ACCB-0680-BE80-AB34-B113F06A75AC" value="false"/>
</engineerTo>
<pk>true</pk>
<usedAttributes>
<attributeRef>18607ECC-8078-90C0-DD27-902FBBCCEA47</attributeRef>
</usedAttributes>
</identifier>
</identifiers>
</Entity>