<?xml version = '1.0' encoding = 'UTF-8'?>
<Entity class="oracle.dbtools.crest.model.design.logical.Entity" directorySegmentName="seg_0" id="833BAF1B-0878-097E-15DC-5A70EBE05FDB" name="T_PIP_CIDADE">
<createdBy>mauro</createdBy>
<createdTime>2021-08-21 13:05:14 UTC</createdTime>
<ownerDesignName>ATIVIDADE_FASE1_CAP_6_RM92268</ownerDesignName>
<engineerTo>
<item key="0A47ACCB-0680-BE80-AB34-B113F06A75AC" value="true"/>
</engineerTo>
<adequatelyNormalized>NO</adequatelyNormalized>
<expectedVolumes>0</expectedVolumes>
<fwdEngineeringStrategyName>Single Table</fwdEngineeringStrategyName>
<growthPercent>0</growthPercent>
<growthType>Year</growthType>
<maxVolumes>9999999</maxVolumes>
<minVolumes>0</minVolumes>
<normalForm>Third</normalForm>
<attributes itemClass="oracle.dbtools.crest.model.design.logical.Attribute">
<Attribute name="cd_cidade" id="A4276BB5-E678-3363-E9A4-4A58C0A5AAC9">
<createdBy>mauro</createdBy>
<createdTime>2021-08-21 14:11:05 UTC</createdTime>
<ownerDesignName>ATIVIDADE_FASE1_CAP_6_RM92268</ownerDesignName>
<engineerTo>
<item key="0A47ACCB-0680-BE80-AB34-B113F06A75AC" value="true"/>
</engineerTo>
<useDomainConstraints>false</useDomainConstraints>
<use>1</use>
<logicalDatatype>LOGDT019</logicalDatatype>
<dataTypePrecision>10</dataTypePrecision>
<ownDataTypeParameters>,10,</ownDataTypeParameters>
</Attribute>
<Attribute name="cd_estado" id="8F4844B7-C3DD-443B-DBC6-8C0ED53FD192">
<createdBy>mauro</createdBy>
<createdTime>2021-08-21 14:12:10 UTC</createdTime>
<generatorID>1D899540-CEB6-DB6F-81D1-DF79126F70C5</generatorID>
<ownerDesignName>ATIVIDADE_FASE1_CAP_6_RM92268</ownerDesignName>
<engineerTo>
<item key="0A47ACCB-0680-BE80-AB34-B113F06A75AC" value="true"/>
</engineerTo>
<referedAttribute>19AD4BAD-A253-6300-E750-8E65D008A822</referedAttribute>
<useDomainConstraints>false</useDomainConstraints>
<use>1</use>
<logicalDatatype>LOGDT019</logicalDatatype>
<dataTypePrecision>10</dataTypePrecision>
<ownDataTypeParameters>,10,</ownDataTypeParameters>
</Attribute>
<Attribute name="nm_cidade" id="47F8A1E8-1110-DB71-9AD2-FD959D3D280A">
<createdBy>mauro</createdBy>
<createdTime>2021-08-21 14:11:13 UTC</createdTime>
<ownerDesignName>ATIVIDADE_FASE1_CAP_6_RM92268</ownerDesignName>
<engineerTo>
<item key="0A47ACCB-0680-BE80-AB34-B113F06A75AC" value="true"/>
</engineerTo>
<useDomainConstraints>false</useDomainConstraints>
<use>1</use>
<logicalDatatype>LOGDT024</logicalDatatype>
<dataTypeSize>30</dataTypeSize>
<ownDataTypeParameters>30,,</ownDataTypeParameters>
</Attribute>
</attributes>
<identifiers itemClass="oracle.dbtools.crest.model.design.logical.CandidateKey">
<identifier id="0CEA5087-6080-A817-1EE5-62D6123C28E5" name="T_CIDADE PK">
<createdBy>mauro</createdBy>
<createdTime>2021-08-21 14:11:08 UTC</createdTime>
<ownerDesignName>ATIVIDADE_FASE1_CAP_6_RM92268</ownerDesignName>
<shouldEngineer>false</shouldEngineer>
<engineerTo>
<item key="0A47ACCB-0680-BE80-AB34-B113F06A75AC" value="false"/>
</engineerTo>
<pk>true</pk>
<usedAttributes>
<attributeRef>A4276BB5-E678-3363-E9A4-4A58C0A5AAC9</attributeRef>
</usedAttributes>
</identifier>
</identifiers>
</Entity>