<?xml version = '1.0' encoding = 'UTF-8'?>
<Entity class="oracle.dbtools.crest.model.design.logical.Entity" directorySegmentName="seg_0" id="EA1AEB07-FC1D-897D-7925-199ADA7C70D7" name="T_PIP_ESTADO">
<createdBy>mauro</createdBy>
<createdTime>2021-08-21 13:05:20 UTC</createdTime>
<ownerDesignName>ATIVIDADE_FASE1_CAP_6_RM92268</ownerDesignName>
<engineerTo>
<item key="0A47ACCB-0680-BE80-AB34-B113F06A75AC" value="true"/>
</engineerTo>
<adequatelyNormalized>NO</adequatelyNormalized>
<expectedVolumes>0</expectedVolumes>
<fwdEngineeringStrategyName>Single Table</fwdEngineeringStrategyName>
<growthPercent>0</growthPercent>
<growthType>Year</growthType>
<maxVolumes>9999999</maxVolumes>
<minVolumes>0</minVolumes>
<normalForm>Third</normalForm>
<attributes itemClass="oracle.dbtools.crest.model.design.logical.Attribute">
<Attribute name="cd_estado" id="19AD4BAD-A253-6300-E750-8E65D008A822">
<createdBy>mauro</createdBy>
<createdTime>2021-08-21 14:12:06 UTC</createdTime>
<ownerDesignName>ATIVIDADE_FASE1_CAP_6_RM92268</ownerDesignName>
<engineerTo>
<item key="0A47ACCB-0680-BE80-AB34-B113F06A75AC" value="true"/>
</engineerTo>
<useDomainConstraints>false</useDomainConstraints>
<use>1</use>
<logicalDatatype>LOGDT019</logicalDatatype>
<dataTypePrecision>10</dataTypePrecision>
<ownDataTypeParameters>,10,</ownDataTypeParameters>
</Attribute>
<Attribute name="nm_estado" id="5D7B5756-E731-BBA4-2859-1120F6F123FF">
<createdBy>mauro</createdBy>
<createdTime>2021-08-21 14:12:12 UTC</createdTime>
<ownerDesignName>ATIVIDADE_FASE1_CAP_6_RM92268</ownerDesignName>
<engineerTo>
<item key="0A47ACCB-0680-BE80-AB34-B113F06A75AC" value="true"/>
</engineerTo>
<useDomainConstraints>false</useDomainConstraints>
<use>1</use>
<logicalDatatype>LOGDT024</logicalDatatype>
<dataTypeSize>30</dataTypeSize>
<ownDataTypeParameters>30,,</ownDataTypeParameters>
</Attribute>
</attributes>
<identifiers itemClass="oracle.dbtools.crest.model.design.logical.CandidateKey">
<identifier id="FC00C6B0-6206-43B2-1A25-18282A4E82F8" name="T_ESTADO PK">
<createdBy>mauro</createdBy>
<createdTime>2021-08-21 14:12:09 UTC</createdTime>
<ownerDesignName>ATIVIDADE_FASE1_CAP_6_RM92268</ownerDesignName>
<shouldEngineer>false</shouldEngineer>
<engineerTo>
<item key="0A47ACCB-0680-BE80-AB34-B113F06A75AC" value="false"/>
</engineerTo>
<pk>true</pk>
<usedAttributes>
<attributeRef>19AD4BAD-A253-6300-E750-8E65D008A822</attributeRef>
</usedAttributes>
</identifier>
</identifiers>
</Entity>