<?xml version = '1.0' encoding = 'UTF-8'?>
<Entity class="oracle.dbtools.crest.model.design.logical.Entity" directorySegmentName="seg_0" id="F45DC71B-60DA-EAEC-DDE0-5E25E7CBD1DD" name="T_PIP_ENTREGADOR">
<createdBy>mauro</createdBy>
<createdTime>2021-08-21 15:38:20 UTC</createdTime>
<ownerDesignName>ATIVIDADE_FASE1_CAP_6_RM92268</ownerDesignName>
<engineerTo>
<item key="0A47ACCB-0680-BE80-AB34-B113F06A75AC" value="true"/>
</engineerTo>
<adequatelyNormalized>NO</adequatelyNormalized>
<expectedVolumes>0</expectedVolumes>
<fwdEngineeringStrategyName>Single Table</fwdEngineeringStrategyName>
<growthPercent>0</growthPercent>
<growthType>Year</growthType>
<maxVolumes>9999999</maxVolumes>
<minVolumes>0</minVolumes>
<normalForm>Third</normalForm>
<attributes itemClass="oracle.dbtools.crest.model.design.logical.Attribute">
<Attribute name="cd_entregador" id="A894815A-61E5-CAF9-F3FD-CD5AD4580C7F">
<createdBy>mauro</createdBy>
<createdTime>2021-08-27 14:09:27 UTC</createdTime>
<ownerDesignName>ATIVIDADE_FASE1_CAP_6_RM92268</ownerDesignName>
<engineerTo>
<item key="0A47ACCB-0680-BE80-AB34-B113F06A75AC" value="true"/>
</engineerTo>
<useDomainConstraints>false</useDomainConstraints>
<use>1</use>
<logicalDatatype>LOGDT019</logicalDatatype>
<ownDataTypeParameters>,,</ownDataTypeParameters>
</Attribute>
<Attribute name="cd_loja" id="1EAE7AD3-CDBF-38A0-CE54-058947D38DB2">
<createdBy>mauro</createdBy>
<createdTime>2021-08-23 14:14:49 UTC</createdTime>
<generatorID>4E627174-B1F5-F7B8-E1AD-BE40CA88C54C</generatorID>
<ownerDesignName>ATIVIDADE_FASE1_CAP_6_RM92268</ownerDesignName>
<engineerTo>
<item key="0A47ACCB-0680-BE80-AB34-B113F06A75AC" value="true"/>
</engineerTo>
<referedAttribute>362C00AD-C3CA-F4AD-948E-22EC9424C69D</referedAttribute>
<useDomainConstraints>false</useDomainConstraints>
<use>1</use>
<logicalDatatype>LOGDT019</logicalDatatype>
<dataTypePrecision>10</dataTypePrecision>
<ownDataTypeParameters>,,</ownDataTypeParameters>
</Attribute>
<Attribute name="cd_fornecedor" id="DD211D46-538D-EF4A-6E9B-CE50EA9AE8B4">
<createdBy>mauro</createdBy>
<createdTime>2021-08-23 14:15:55 UTC</createdTime>
<generatorID>D8D7D113-ED83-A093-05C8-F1E7EE9165E4</generatorID>
<ownerDesignName>ATIVIDADE_FASE1_CAP_6_RM92268</ownerDesignName>
<engineerTo>
<item key="0A47ACCB-0680-BE80-AB34-B113F06A75AC" value="true"/>
</engineerTo>
<referedAttribute>B9D0E6E6-5B85-6E68-8BB8-2C385A4ADA54</referedAttribute>
<useDomainConstraints>false</useDomainConstraints>
<use>1</use>
<logicalDatatype>LOGDT019</logicalDatatype>
<dataTypePrecision>10</dataTypePrecision>
<ownDataTypeParameters>,,</ownDataTypeParameters>
</Attribute>
<Attribute name="nm_entregador" id="DDB6BD08-2742-DB93-A192-6289FA70F210">
<createdBy>mauro</createdBy>
<createdTime>2021-08-21 15:56:20 UTC</createdTime>
<ownerDesignName>ATIVIDADE_FASE1_CAP_6_RM92268</ownerDesignName>
<engineerTo>
<item key="0A47ACCB-0680-BE80-AB34-B113F06A75AC" value="true"/>
</engineerTo>
<useDomainConstraints>false</useDomainConstraints>
<use>1</use>
<logicalDatatype>LOGDT024</logicalDatatype>
<dataTypeSize>30</dataTypeSize>
<ownDataTypeParameters>30,,</ownDataTypeParameters>
</Attribute>
<Attribute name="dt_entrega" id="CC54E907-365E-1DB4-BB15-5CC61F687497">
<createdBy>mauro</createdBy>
<createdTime>2021-08-23 12:49:19 UTC</createdTime>
<ownerDesignName>ATIVIDADE_FASE1_CAP_6_RM92268</ownerDesignName>
<engineerTo>
<item key="0A47ACCB-0680-BE80-AB34-B113F06A75AC" value="true"/>
</engineerTo>
<useDomainConstraints>false</useDomainConstraints>
<use>1</use>
<logicalDatatype>LOGDT007</logicalDatatype>
<ownDataTypeParameters>,,</ownDataTypeParameters>
</Attribute>
</attributes>
<identifiers itemClass="oracle.dbtools.crest.model.design.logical.CandidateKey">
<identifier id="BE70AA1D-F7F7-DC65-7858-3FF48770F35B" name="T_ENTREGADOR PK">
<createdBy>mauro</createdBy>
<createdTime>2021-08-21 15:38:32 UTC</createdTime>
<ownerDesignName>ATIVIDADE_FASE1_CAP_6_RM92268</ownerDesignName>
<shouldEngineer>false</shouldEngineer>
<engineerTo>
<item key="0A47ACCB-0680-BE80-AB34-B113F06A75AC" value="false"/>
</engineerTo>
<pk>true</pk>
<usedAttributes>
<attributeRef>A894815A-61E5-CAF9-F3FD-CD5AD4580C7F</attributeRef>
</usedAttributes>
</identifier>
</identifiers>
</Entity>