<?xml version = '1.0' encoding = 'UTF-8'?>
<Entity class="oracle.dbtools.crest.model.design.logical.Entity" directorySegmentName="seg_0" id="F6AE3C42-73CC-88FC-27A1-F0861BBF4AC1" name="T_PIP_MARCA">
<createdBy>mauro</createdBy>
<createdTime>2021-08-21 12:40:09 UTC</createdTime>
<ownerDesignName>ATIVIDADE_FASE1_CAP_6_RM92268</ownerDesignName>
<engineerTo>
<item key="0A47ACCB-0680-BE80-AB34-B113F06A75AC" value="true"/>
</engineerTo>
<adequatelyNormalized>NO</adequatelyNormalized>
<expectedVolumes>0</expectedVolumes>
<fwdEngineeringStrategyName>Single Table</fwdEngineeringStrategyName>
<growthPercent>0</growthPercent>
<growthType>Year</growthType>
<maxVolumes>9999999</maxVolumes>
<minVolumes>0</minVolumes>
<normalForm>Third</normalForm>
<attributes itemClass="oracle.dbtools.crest.model.design.logical.Attribute">
<Attribute name="cd_marca" id="A2F2B2B3-19CA-D464-BCD0-D6B93FBEBC2B">
<createdBy>mauro</createdBy>
<createdTime>2021-08-21 15:10:10 UTC</createdTime>
<ownerDesignName>ATIVIDADE_FASE1_CAP_6_RM92268</ownerDesignName>
<engineerTo>
<item key="0A47ACCB-0680-BE80-AB34-B113F06A75AC" value="true"/>
</engineerTo>
<useDomainConstraints>false</useDomainConstraints>
<use>1</use>
<logicalDatatype>LOGDT019</logicalDatatype>
<dataTypePrecision>10</dataTypePrecision>
<ownDataTypeParameters>,10,</ownDataTypeParameters>
</Attribute>
<Attribute name="nm_marca" id="C50029B0-34FE-AE81-488C-A0401742F352">
<createdBy>mauro</createdBy>
<createdTime>2021-08-21 15:10:15 UTC</createdTime>
<ownerDesignName>ATIVIDADE_FASE1_CAP_6_RM92268</ownerDesignName>
<engineerTo>
<item key="0A47ACCB-0680-BE80-AB34-B113F06A75AC" value="true"/>
</engineerTo>
<useDomainConstraints>false</useDomainConstraints>
<use>1</use>
<logicalDatatype>LOGDT024</logicalDatatype>
<dataTypeSize>30</dataTypeSize>
<ownDataTypeParameters>30,,</ownDataTypeParameters>
</Attribute>
</attributes>
<identifiers itemClass="oracle.dbtools.crest.model.design.logical.CandidateKey">
<identifier id="1D41DC39-FE97-4570-62E0-494668F00833" name="T_MARCA PK">
<createdBy>mauro</createdBy>
<createdTime>2021-08-21 15:10:14 UTC</createdTime>
<ownerDesignName>ATIVIDADE_FASE1_CAP_6_RM92268</ownerDesignName>
<shouldEngineer>false</shouldEngineer>
<engineerTo>
<item key="0A47ACCB-0680-BE80-AB34-B113F06A75AC" value="false"/>
</engineerTo>
<pk>true</pk>
<usedAttributes>
<attributeRef>A2F2B2B3-19CA-D464-BCD0-D6B93FBEBC2B</attributeRef>
</usedAttributes>
</identifier>
</identifiers>
</Entity>